class_label,class_name,recall,precision
1,Meningioma,1.0,0.351931330472103
1,Meningioma,0.9959349593495935,0.3510028653295129
1,Meningioma,0.991869918699187,0.3500717360114778
1,Meningioma,0.9878048780487805,0.34913793103448276
1,Meningioma,0.9878048780487805,0.3496402877697842
1,Meningioma,0.9878048780487805,0.35014409221902015
1,Meningioma,0.983739837398374,0.3492063492063492
1,Meningioma,0.983739837398374,0.34971098265895956
1,Meningioma,0.983739837398374,0.35021707670043417
1,Meningioma,0.983739837398374,0.3507246376811594
1,Meningioma,0.983739837398374,0.35123367198838895
1,Meningioma,0.9796747967479674,0.3502906976744186
1,Meningioma,0.9796747967479674,0.3508005822416303
1,Meningioma,0.9796747967479674,0.35131195335276966
1,Meningioma,0.9796747967479674,0.3518248175182482
1,Meningioma,0.975609756097561,0.3508771929824561
1,Meningioma,0.975609756097561,0.3513909224011713
1,Meningioma,0.975609756097561,0.3519061583577713
1,Meningioma,0.975609756097561,0.3524229074889868
1,Meningioma,0.9715447154471545,0.3514705882352941
1,Meningioma,0.9715447154471545,0.35198821796759944
1,Meningioma,0.967479674796748,0.35103244837758113
1,Meningioma,0.967479674796748,0.3515509601181684
1,Meningioma,0.967479674796748,0.3520710059171598
1,Meningioma,0.967479674796748,0.35259259259259257
1,Meningioma,0.967479674796748,0.35311572700296734
1,Meningioma,0.9634146341463414,0.3521545319465082
1,Meningioma,0.9634146341463414,0.35267857142857145
1,Meningioma,0.9634146341463414,0.353204172876304
1,Meningioma,0.9634146341463414,0.3537313432835821
1,Meningioma,0.9634146341463414,0.3542600896860987
1,Meningioma,0.959349593495935,0.3532934131736527
1,Meningioma,0.959349593495935,0.3538230884557721
1,Meningioma,0.9552845528455285,0.35285285285285284
1,Meningioma,0.9552845528455285,0.3533834586466165
1,Meningioma,0.9512195121951219,0.35240963855421686
1,Meningioma,0.9471544715447154,0.3514328808446455
1,Meningioma,0.9471544715447154,0.35196374622356497
1,Meningioma,0.943089430894309,0.35098335854765506
1,Meningioma,0.943089430894309,0.3515151515151515
1,Meningioma,0.9390243902439024,0.3505311077389985
1,Meningioma,0.9390243902439024,0.35106382978723405
1,Meningioma,0.9349593495934959,0.350076103500761
1,Meningioma,0.9349593495934959,0.35060975609756095
1,Meningioma,0.9349593495934959,0.3511450381679389
1,Meningioma,0.9349593495934959,0.3516819571865443
1,Meningioma,0.9349593495934959,0.35222052067381315
1,Meningioma,0.9308943089430894,0.3512269938650307
1,Meningioma,0.9308943089430894,0.35176651305683565
1,Meningioma,0.926829268292683,0.3507692307692308
1,Meningioma,0.926829268292683,0.35130970724191063
1,Meningioma,0.926829268292683,0.35185185185185186
1,Meningioma,0.9227642276422764,0.3508500772797527
1,Meningioma,0.9186991869918699,0.3498452012383901
1,Meningioma,0.9146341463414634,0.3488372093023256
1,Meningioma,0.9146341463414634,0.34937888198757766
1,Meningioma,0.9146341463414634,0.3499222395023328
1,Meningioma,0.9105691056910569,0.34890965732087226
1,Meningioma,0.9065040650406504,0.34789391575663026
1,Meningioma,0.9065040650406504,0.3484375
1,Meningioma,0.9024390243902439,0.3474178403755869
1,Meningioma,0.8983739837398373,0.3463949843260188
1,Meningioma,0.8983739837398373,0.3469387755102041
1,Meningioma,0.8983739837398373,0.3474842767295597
1,Meningioma,0.8983739837398373,0.3480314960629921
1,Meningioma,0.8943089430894309,0.3470031545741325
1,Meningioma,0.8902439024390244,0.3459715639810427
1,Meningioma,0.8902439024390244,0.34651898734177217
1,Meningioma,0.8861788617886179,0.34548335974643424
1,Meningioma,0.8821138211382114,0.34444444444444444
1,Meningioma,0.8780487804878049,0.34340222575516693
1,Meningioma,0.8780487804878049,0.34394904458598724
1,Meningioma,0.8780487804878049,0.3444976076555024
1,Meningioma,0.8780487804878049,0.3450479233226837
1,Meningioma,0.8780487804878049,0.3456
1,Meningioma,0.8780487804878049,0.34615384615384615
1,Meningioma,0.8780487804878049,0.3467094703049759
1,Meningioma,0.8780487804878049,0.34726688102893893
1,Meningioma,0.8780487804878049,0.34782608695652173
1,Meningioma,0.8780487804878049,0.34838709677419355
1,Meningioma,0.8739837398373984,0.3473344103392569
1,Meningioma,0.8699186991869918,0.34627831715210355
1,Meningioma,0.8658536585365854,0.34521880064829824
1,Meningioma,0.8658536585365854,0.3457792207792208
1,Meningioma,0.8658536585365854,0.3463414634146341
1,Meningioma,0.8617886178861789,0.34527687296416937
1,Meningioma,0.8617886178861789,0.3458401305057096
1,Meningioma,0.8577235772357723,0.34477124183006536
1,Meningioma,0.8577235772357723,0.3453355155482815
1,Meningioma,0.8536585365853658,0.3442622950819672
1,Meningioma,0.8536585365853658,0.3448275862068966
1,Meningioma,0.8536585365853658,0.34539473684210525
1,Meningioma,0.8536585365853658,0.34596375617792424
1,Meningioma,0.8495934959349594,0.3448844884488449
1,Meningioma,0.8495934959349594,0.34545454545454546
1,Meningioma,0.8495934959349594,0.34602649006622516
1,Meningioma,0.8495934959349594,0.3466003316749585
1,Meningioma,0.8495934959349594,0.34717607973421927
1,Meningioma,0.8455284552845529,0.34608985024958405
1,Meningioma,0.8455284552845529,0.3466666666666667
1,Meningioma,0.8414634146341463,0.34557595993322204
1,Meningioma,0.8414634146341463,0.34615384615384615
1,Meningioma,0.8373983739837398,0.34505862646566166
1,Meningioma,0.8373983739837398,0.34563758389261745
1,Meningioma,0.8333333333333334,0.3445378151260504
1,Meningioma,0.8333333333333334,0.3451178451178451
1,Meningioma,0.8333333333333334,0.3456998313659359
1,Meningioma,0.8333333333333334,0.34628378378378377
1,Meningioma,0.8292682926829268,0.34517766497461927
1,Meningioma,0.8292682926829268,0.34576271186440677
1,Meningioma,0.8292682926829268,0.3463497453310696
1,Meningioma,0.8252032520325203,0.34523809523809523
1,Meningioma,0.8252032520325203,0.34582623509369675
1,Meningioma,0.8252032520325203,0.3464163822525597
1,Meningioma,0.8252032520325203,0.347008547008547
1,Meningioma,0.8252032520325203,0.3476027397260274
1,Meningioma,0.8252032520325203,0.3481989708404803
1,Meningioma,0.8252032520325203,0.3487972508591065
1,Meningioma,0.8252032520325203,0.3493975903614458
1,Meningioma,0.8252032520325203,0.35
1,Meningioma,0.8211382113821138,0.3488773747841105
1,Meningioma,0.8211382113821138,0.3494809688581315
1,Meningioma,0.8211382113821138,0.35008665511265163
1,Meningioma,0.8211382113821138,0.3506944444444444
1,Meningioma,0.8170731707317073,0.34956521739130436
1,Meningioma,0.8170731707317073,0.3501742160278746
1,Meningioma,0.8170731707317073,0.3507853403141361
1,Meningioma,0.8170731707317073,0.3513986013986014
1,Meningioma,0.8170731707317073,0.3520140105078809
1,Meningioma,0.8170731707317073,0.3526315789473684
1,Meningioma,0.8170731707317073,0.3532513181019332
1,Meningioma,0.8170731707317073,0.3538732394366197
1,Meningioma,0.8170731707317073,0.3544973544973545
1,Meningioma,0.8170731707317073,0.3551236749116608
1,Meningioma,0.8170731707317073,0.35575221238938054
1,Meningioma,0.8170731707317073,0.35638297872340424
1,Meningioma,0.8170731707317073,0.35701598579040855
1,Meningioma,0.8130081300813008,0.35587188612099646
1,Meningioma,0.8089430894308943,0.35472370766488415
1,Meningioma,0.8089430894308943,0.35535714285714287
1,Meningioma,0.8089430894308943,0.3559928443649374
1,Meningioma,0.8089430894308943,0.35663082437275984
1,Meningioma,0.8089430894308943,0.35727109515260325
1,Meningioma,0.8089430894308943,0.3579136690647482
1,Meningioma,0.8089430894308943,0.35855855855855856
1,Meningioma,0.8048780487804879,0.3574007220216607
1,Meningioma,0.8048780487804879,0.35804701627486435
1,Meningioma,0.8048780487804879,0.358695652173913
1,Meningioma,0.8048780487804879,0.35934664246823955
1,Meningioma,0.8048780487804879,0.36
1,Meningioma,0.8008130081300813,0.3588342440801457
1,Meningioma,0.8008130081300813,0.3594890510948905
1,Meningioma,0.8008130081300813,0.360146252285192
1,Meningioma,0.8008130081300813,0.3608058608058608
1,Meningioma,0.8008130081300813,0.3614678899082569
1,Meningioma,0.7967479674796748,0.3602941176470588
1,Meningioma,0.7967479674796748,0.36095764272559855
1,Meningioma,0.7967479674796748,0.36162361623616235
1,Meningioma,0.7967479674796748,0.36229205175600737
1,Meningioma,0.7967479674796748,0.362962962962963
1,Meningioma,0.7967479674796748,0.36363636363636365
1,Meningioma,0.7967479674796748,0.3643122676579926
1,Meningioma,0.7967479674796748,0.3649906890130354
1,Meningioma,0.7967479674796748,0.3656716417910448
1,Meningioma,0.7967479674796748,0.3663551401869159
1,Meningioma,0.7926829268292683,0.3651685393258427
1,Meningioma,0.7926829268292683,0.36585365853658536
1,Meningioma,0.7886178861788617,0.36466165413533835
1,Meningioma,0.7886178861788617,0.3653483992467043
1,Meningioma,0.7845528455284553,0.3641509433962264
1,Meningioma,0.7845528455284553,0.3648393194706994
1,Meningioma,0.7845528455284553,0.36553030303030304
1,Meningioma,0.7845528455284553,0.36622390891840606
1,Meningioma,0.7845528455284553,0.3669201520912547
1,Meningioma,0.7845528455284553,0.3676190476190476
1,Meningioma,0.7845528455284553,0.3683206106870229
1,Meningioma,0.7804878048780488,0.367112810707457
1,Meningioma,0.7804878048780488,0.367816091954023
1,Meningioma,0.7804878048780488,0.3685220729366603
1,Meningioma,0.7804878048780488,0.36923076923076925
1,Meningioma,0.7804878048780488,0.3699421965317919
1,Meningioma,0.7804878048780488,0.37065637065637064
1,Meningioma,0.7804878048780488,0.3713733075435203
1,Meningioma,0.7804878048780488,0.37209302325581395
1,Meningioma,0.7804878048780488,0.37281553398058254
1,Meningioma,0.7804878048780488,0.3735408560311284
1,Meningioma,0.7804878048780488,0.3742690058479532
1,Meningioma,0.7804878048780488,0.375
1,Meningioma,0.7804878048780488,0.37573385518590996
1,Meningioma,0.7764227642276422,0.37450980392156863
1,Meningioma,0.7723577235772358,0.37328094302554027
1,Meningioma,0.7723577235772358,0.37401574803149606
1,Meningioma,0.7723577235772358,0.3747534516765286
1,Meningioma,0.7723577235772358,0.37549407114624506
1,Meningioma,0.7723577235772358,0.37623762376237624
1,Meningioma,0.7682926829268293,0.375
1,Meningioma,0.7642276422764228,0.37375745526838966
1,Meningioma,0.7601626016260162,0.37250996015936255
1,Meningioma,0.7560975609756098,0.3712574850299401
1,Meningioma,0.7560975609756098,0.372
1,Meningioma,0.7520325203252033,0.37074148296593185
1,Meningioma,0.7520325203252033,0.3714859437751004
1,Meningioma,0.7479674796747967,0.3702213279678068
1,Meningioma,0.7479674796747967,0.3709677419354839
1,Meningioma,0.7479674796747967,0.3717171717171717
1,Meningioma,0.7479674796747967,0.3724696356275304
1,Meningioma,0.7479674796747967,0.37322515212981744
1,Meningioma,0.7479674796747967,0.37398373983739835
1,Meningioma,0.7479674796747967,0.37474541751527496
1,Meningioma,0.7479674796747967,0.37551020408163266
1,Meningioma,0.7479674796747967,0.37627811860940696
1,Meningioma,0.7479674796747967,0.3770491803278688
1,Meningioma,0.7479674796747967,0.37782340862423
1,Meningioma,0.7439024390243902,0.3765432098765432
1,Meningioma,0.7439024390243902,0.37731958762886597
1,Meningioma,0.7398373983739838,0.3760330578512397
1,Meningioma,0.7398373983739838,0.37681159420289856
1,Meningioma,0.7398373983739838,0.3775933609958506
1,Meningioma,0.7398373983739838,0.3783783783783784
1,Meningioma,0.7357723577235772,0.3770833333333333
1,Meningioma,0.7357723577235772,0.3778705636743215
1,Meningioma,0.7357723577235772,0.3786610878661088
1,Meningioma,0.7357723577235772,0.37945492662473795
1,Meningioma,0.7357723577235772,0.3802521008403361
1,Meningioma,0.7357723577235772,0.38105263157894737
1,Meningioma,0.7357723577235772,0.3818565400843882
1,Meningioma,0.7357723577235772,0.38266384778012685
1,Meningioma,0.7357723577235772,0.3834745762711864
1,Meningioma,0.7357723577235772,0.3842887473460722
1,Meningioma,0.7357723577235772,0.3851063829787234
1,Meningioma,0.7357723577235772,0.3859275053304904
1,Meningioma,0.7357723577235772,0.38675213675213677
1,Meningioma,0.7357723577235772,0.3875802997858672
1,Meningioma,0.7357723577235772,0.388412017167382
1,Meningioma,0.7357723577235772,0.38924731182795697
1,Meningioma,0.7357723577235772,0.3900862068965517
1,Meningioma,0.7317073170731707,0.38876889848812096
1,Meningioma,0.7317073170731707,0.38961038961038963
1,Meningioma,0.7317073170731707,0.39045553145336226
1,Meningioma,0.7317073170731707,0.391304347826087
1,Meningioma,0.7276422764227642,0.3899782135076253
1,Meningioma,0.7276422764227642,0.39082969432314413
1,Meningioma,0.7276422764227642,0.3916849015317287
1,Meningioma,0.7276422764227642,0.3925438596491228
1,Meningioma,0.7276422764227642,0.3934065934065934
1,Meningioma,0.7235772357723578,0.3920704845814978
1,Meningioma,0.7235772357723578,0.39293598233995586
1,Meningioma,0.7235772357723578,0.3938053097345133
1,Meningioma,0.7195121951219512,0.3924611973392461
1,Meningioma,0.7154471544715447,0.39111111111111113
1,Meningioma,0.7154471544715447,0.39198218262806234
1,Meningioma,0.7154471544715447,0.39285714285714285
1,Meningioma,0.7154471544715447,0.39373601789709173
1,Meningioma,0.7113821138211383,0.3923766816143498
1,Meningioma,0.7073170731707317,0.39101123595505616
1,Meningioma,0.7073170731707317,0.3918918918918919
1,Meningioma,0.7073170731707317,0.3927765237020316
1,Meningioma,0.7073170731707317,0.3936651583710407
1,Meningioma,0.7073170731707317,0.3945578231292517
1,Meningioma,0.7032520325203252,0.3931818181818182
1,Meningioma,0.6991869918699187,0.3917995444191344
1,Meningioma,0.6991869918699187,0.3926940639269406
1,Meningioma,0.6991869918699187,0.39359267734553777
1,Meningioma,0.6991869918699187,0.3944954128440367
1,Meningioma,0.6991869918699187,0.3954022988505747
1,Meningioma,0.6991869918699187,0.39631336405529954
1,Meningioma,0.6991869918699187,0.3972286374133949
1,Meningioma,0.6991869918699187,0.39814814814814814
1,Meningioma,0.6991869918699187,0.3990719257540603
1,Meningioma,0.6991869918699187,0.4
1,Meningioma,0.6991869918699187,0.40093240093240096
1,Meningioma,0.6991869918699187,0.40186915887850466
1,Meningioma,0.6991869918699187,0.4028103044496487
1,Meningioma,0.6951219512195121,0.4014084507042254
1,Meningioma,0.6951219512195121,0.4023529411764706
1,Meningioma,0.6951219512195121,0.4033018867924528
1,Meningioma,0.6951219512195121,0.40425531914893614
1,Meningioma,0.6910569105691057,0.4028436018957346
1,Meningioma,0.6910569105691057,0.40380047505938244
1,Meningioma,0.6910569105691057,0.40476190476190477
1,Meningioma,0.6869918699186992,0.4033412887828162
1,Meningioma,0.6829268292682927,0.4019138755980861
1,Meningioma,0.6788617886178862,0.40047961630695444
1,Meningioma,0.6747967479674797,0.39903846153846156
1,Meningioma,0.6707317073170732,0.39759036144578314
1,Meningioma,0.6707317073170732,0.39855072463768115
1,Meningioma,0.6666666666666666,0.39709443099273606
1,Meningioma,0.6626016260162602,0.39563106796116504
1,Meningioma,0.6626016260162602,0.39659367396593675
1,Meningioma,0.6626016260162602,0.3975609756097561
1,Meningioma,0.6626016260162602,0.39853300733496333
1,Meningioma,0.6585365853658537,0.39705882352941174
1,Meningioma,0.6585365853658537,0.39803439803439805
1,Meningioma,0.6585365853658537,0.39901477832512317
1,Meningioma,0.6585365853658537,0.4
1,Meningioma,0.6544715447154471,0.39851485148514854
1,Meningioma,0.6544715447154471,0.39950372208436724
1,Meningioma,0.6544715447154471,0.40049751243781095
1,Meningioma,0.6544715447154471,0.4014962593516209
1,Meningioma,0.6544715447154471,0.4025
1,Meningioma,0.6544715447154471,0.40350877192982454
1,Meningioma,0.6544715447154471,0.4045226130653266
1,Meningioma,0.6544715447154471,0.40554156171284633
1,Meningioma,0.6504065040650406,0.40404040404040403
1,Meningioma,0.6463414634146342,0.40253164556962023
1,Meningioma,0.6463414634146342,0.4035532994923858
1,Meningioma,0.6463414634146342,0.40458015267175573
1,Meningioma,0.6463414634146342,0.40561224489795916
1,Meningioma,0.6463414634146342,0.40664961636828645
1,Meningioma,0.6422764227642277,0.40512820512820513
1,Meningioma,0.6382113821138211,0.40359897172236503
1,Meningioma,0.6382113821138211,0.40463917525773196
1,Meningioma,0.6382113821138211,0.40568475452196384
1,Meningioma,0.6382113821138211,0.4067357512953368
1,Meningioma,0.6382113821138211,0.4077922077922078
1,Meningioma,0.6382113821138211,0.4088541666666667
1,Meningioma,0.6382113821138211,0.40992167101827676
1,Meningioma,0.6382113821138211,0.4109947643979058
1,Meningioma,0.6382113821138211,0.4120734908136483
1,Meningioma,0.6341463414634146,0.4105263157894737
1,Meningioma,0.6341463414634146,0.41160949868073876
1,Meningioma,0.6341463414634146,0.4126984126984127
1,Meningioma,0.6341463414634146,0.41379310344827586
1,Meningioma,0.6300813008130082,0.4122340425531915
1,Meningioma,0.6300813008130082,0.41333333333333333
1,Meningioma,0.6300813008130082,0.4144385026737968
1,Meningioma,0.6300813008130082,0.4155495978552279
1,Meningioma,0.6300813008130082,0.4166666666666667
1,Meningioma,0.6300813008130082,0.41778975741239893
1,Meningioma,0.6260162601626016,0.41621621621621624
1,Meningioma,0.6260162601626016,0.4173441734417344
1,Meningioma,0.6260162601626016,0.41847826086956524
1,Meningioma,0.6260162601626016,0.4196185286103542
1,Meningioma,0.6260162601626016,0.4207650273224044
1,Meningioma,0.6260162601626016,0.42191780821917807
1,Meningioma,0.6260162601626016,0.4230769230769231
1,Meningioma,0.6260162601626016,0.42424242424242425
1,Meningioma,0.6219512195121951,0.42265193370165743
1,Meningioma,0.6219512195121951,0.42382271468144045
1,Meningioma,0.6178861788617886,0.4222222222222222
1,Meningioma,0.6178861788617886,0.4233983286908078
1,Meningioma,0.6138211382113821,0.42178770949720673
1,Meningioma,0.6097560975609756,0.42016806722689076
1,Meningioma,0.6097560975609756,0.42134831460674155
1,Meningioma,0.6097560975609756,0.4225352112676056
1,Meningioma,0.6097560975609756,0.423728813559322
1,Meningioma,0.6097560975609756,0.42492917847025496
1,Meningioma,0.6097560975609756,0.42613636363636365
1,Meningioma,0.6097560975609756,0.42735042735042733
1,Meningioma,0.6056910569105691,0.4257142857142857
1,Meningioma,0.6056910569105691,0.4269340974212034
1,Meningioma,0.6056910569105691,0.4281609195402299
1,Meningioma,0.6056910569105691,0.42939481268011526
1,Meningioma,0.6056910569105691,0.430635838150289
1,Meningioma,0.6056910569105691,0.4318840579710145
1,Meningioma,0.6056910569105691,0.4331395348837209
1,Meningioma,0.6016260162601627,0.4314868804664723
1,Meningioma,0.5975609756097561,0.4298245614035088
1,Meningioma,0.5934959349593496,0.4281524926686217
1,Meningioma,0.5934959349593496,0.4294117647058823
1,Meningioma,0.5894308943089431,0.4277286135693215
1,Meningioma,0.5853658536585366,0.4260355029585799
1,Meningioma,0.5853658536585366,0.42729970326409494
1,Meningioma,0.5813008130081301,0.4255952380952381
1,Meningioma,0.5772357723577236,0.42388059701492536
1,Meningioma,0.573170731707317,0.4221556886227545
1,Meningioma,0.573170731707317,0.42342342342342343
1,Meningioma,0.573170731707317,0.4246987951807229
1,Meningioma,0.573170731707317,0.4259818731117825
1,Meningioma,0.5691056910569106,0.42424242424242425
1,Meningioma,0.5650406504065041,0.42249240121580545
1,Meningioma,0.5650406504065041,0.42378048780487804
1,Meningioma,0.5650406504065041,0.42507645259938837
1,Meningioma,0.5609756097560976,0.4233128834355828
1,Meningioma,0.5609756097560976,0.4246153846153846
1,Meningioma,0.5609756097560976,0.42592592592592593
1,Meningioma,0.556910569105691,0.4241486068111455
1,Meningioma,0.556910569105691,0.4254658385093168
1,Meningioma,0.556910569105691,0.42679127725856697
1,Meningioma,0.556910569105691,0.428125
1,Meningioma,0.556910569105691,0.42946708463949845
1,Meningioma,0.556910569105691,0.4308176100628931
1,Meningioma,0.5528455284552846,0.42902208201892744
1,Meningioma,0.5487804878048781,0.4272151898734177
1,Meningioma,0.5487804878048781,0.42857142857142855
1,Meningioma,0.5487804878048781,0.4299363057324841
1,Meningioma,0.5487804878048781,0.43130990415335463
1,Meningioma,0.5447154471544715,0.42948717948717946
1,Meningioma,0.5447154471544715,0.43086816720257237
1,Meningioma,0.540650406504065,0.4290322580645161
1,Meningioma,0.5365853658536586,0.42718446601941745
1,Meningioma,0.532520325203252,0.4253246753246753
1,Meningioma,0.532520325203252,0.42671009771986973
1,Meningioma,0.532520325203252,0.42810457516339867
1,Meningioma,0.532520325203252,0.42950819672131146
1,Meningioma,0.532520325203252,0.4309210526315789
1,Meningioma,0.532520325203252,0.43234323432343236
1,Meningioma,0.5284552845528455,0.4304635761589404
1,Meningioma,0.524390243902439,0.42857142857142855
1,Meningioma,0.524390243902439,0.43
1,Meningioma,0.524390243902439,0.431438127090301
1,Meningioma,0.524390243902439,0.43288590604026844
1,Meningioma,0.524390243902439,0.43434343434343436
1,Meningioma,0.524390243902439,0.4358108108108108
1,Meningioma,0.5203252032520326,0.43389830508474575
1,Meningioma,0.516260162601626,0.43197278911564624
1,Meningioma,0.5121951219512195,0.4300341296928328
1,Meningioma,0.5121951219512195,0.4315068493150685
1,Meningioma,0.508130081300813,0.42955326460481097
1,Meningioma,0.508130081300813,0.43103448275862066
1,Meningioma,0.508130081300813,0.43252595155709345
1,Meningioma,0.508130081300813,0.4340277777777778
1,Meningioma,0.5040650406504065,0.43205574912891986
1,Meningioma,0.5040650406504065,0.43356643356643354
1,Meningioma,0.5040650406504065,0.43508771929824563
1,Meningioma,0.5040650406504065,0.43661971830985913
1,Meningioma,0.5,0.43462897526501765
1,Meningioma,0.4959349593495935,0.4326241134751773
1,Meningioma,0.491869918699187,0.4306049822064057
1,Meningioma,0.491869918699187,0.43214285714285716
1,Meningioma,0.4878048780487805,0.43010752688172044
1,Meningioma,0.483739837398374,0.42805755395683454
1,Meningioma,0.483739837398374,0.4296028880866426
1,Meningioma,0.4796747967479675,0.427536231884058
1,Meningioma,0.4796747967479675,0.4290909090909091
1,Meningioma,0.4796747967479675,0.4306569343065693
1,Meningioma,0.47560975609756095,0.42857142857142855
1,Meningioma,0.47560975609756095,0.43014705882352944
1,Meningioma,0.47560975609756095,0.4317343173431734
1,Meningioma,0.47560975609756095,0.43333333333333335
1,Meningioma,0.47560975609756095,0.4349442379182156
1,Meningioma,0.47560975609756095,0.43656716417910446
1,Meningioma,0.4715447154471545,0.4344569288389513
1,Meningioma,0.4715447154471545,0.43609022556390975
1,Meningioma,0.4715447154471545,0.4377358490566038
1,Meningioma,0.4715447154471545,0.4393939393939394
1,Meningioma,0.46747967479674796,0.4372623574144487
1,Meningioma,0.4634146341463415,0.4351145038167939
1,Meningioma,0.4634146341463415,0.4367816091954023
1,Meningioma,0.4634146341463415,0.43846153846153846
1,Meningioma,0.45934959349593496,0.4362934362934363
1,Meningioma,0.45934959349593496,0.437984496124031
1,Meningioma,0.45934959349593496,0.4396887159533074
1,Meningioma,0.45528455284552843,0.4375
1,Meningioma,0.45121951219512196,0.43529411764705883
1,Meningioma,0.44715447154471544,0.4330708661417323
1,Meningioma,0.44715447154471544,0.43478260869565216
1,Meningioma,0.44715447154471544,0.4365079365079365
1,Meningioma,0.44308943089430897,0.4342629482071713
1,Meningioma,0.44308943089430897,0.436
1,Meningioma,0.44308943089430897,0.43775100401606426
1,Meningioma,0.44308943089430897,0.43951612903225806
1,Meningioma,0.44308943089430897,0.44129554655870445
1,Meningioma,0.44308943089430897,0.44308943089430897
1,Meningioma,0.44308943089430897,0.4448979591836735
1,Meningioma,0.44308943089430897,0.44672131147540983
1,Meningioma,0.44308943089430897,0.448559670781893
1,Meningioma,0.44308943089430897,0.45041322314049587
1,Meningioma,0.44308943089430897,0.45228215767634855
1,Meningioma,0.44308943089430897,0.45416666666666666
1,Meningioma,0.44308943089430897,0.4560669456066946
1,Meningioma,0.44308943089430897,0.4579831932773109
1,Meningioma,0.43902439024390244,0.45569620253164556
1,Meningioma,0.43902439024390244,0.4576271186440678
1,Meningioma,0.43902439024390244,0.4595744680851064
1,Meningioma,0.43902439024390244,0.46153846153846156
1,Meningioma,0.43902439024390244,0.463519313304721
1,Meningioma,0.4349593495934959,0.46120689655172414
1,Meningioma,0.4349593495934959,0.46320346320346323
1,Meningioma,0.4349593495934959,0.4652173913043478
1,Meningioma,0.43089430894308944,0.462882096069869
1,Meningioma,0.43089430894308944,0.4649122807017544
1,Meningioma,0.4268292682926829,0.46255506607929514
1,Meningioma,0.42276422764227645,0.46017699115044247
1,Meningioma,0.4186991869918699,0.4577777777777778
1,Meningioma,0.4186991869918699,0.45982142857142855
1,Meningioma,0.4146341463414634,0.45739910313901344
1,Meningioma,0.4146341463414634,0.4594594594594595
1,Meningioma,0.4146341463414634,0.46153846153846156
1,Meningioma,0.4146341463414634,0.4636363636363636
1,Meningioma,0.4146341463414634,0.4657534246575342
1,Meningioma,0.4105691056910569,0.463302752293578
1,Meningioma,0.4105691056910569,0.46543778801843316
1,Meningioma,0.4105691056910569,0.4675925925925926
1,Meningioma,0.4105691056910569,0.4697674418604651
1,Meningioma,0.4105691056910569,0.4719626168224299
1,Meningioma,0.4105691056910569,0.47417840375586856
1,Meningioma,0.4105691056910569,0.47641509433962265
1,Meningioma,0.4065040650406504,0.47393364928909953
1,Meningioma,0.4065040650406504,0.47619047619047616
1,Meningioma,0.4024390243902439,0.47368421052631576
1,Meningioma,0.3983739837398374,0.47115384615384615
1,Meningioma,0.3943089430894309,0.46859903381642515
1,Meningioma,0.3943089430894309,0.470873786407767
1,Meningioma,0.3943089430894309,0.47317073170731705
1,Meningioma,0.3943089430894309,0.47549019607843135
1,Meningioma,0.3902439024390244,0.4729064039408867
1,Meningioma,0.3902439024390244,0.4752475247524752
1,Meningioma,0.3902439024390244,0.47761194029850745
1,Meningioma,0.3861788617886179,0.475
1,Meningioma,0.3821138211382114,0.4723618090452261
1,Meningioma,0.3821138211382114,0.47474747474747475
1,Meningioma,0.3821138211382114,0.47715736040609136
1,Meningioma,0.3780487804878049,0.4744897959183674
1,Meningioma,0.3780487804878049,0.47692307692307695
1,Meningioma,0.3780487804878049,0.4793814432989691
1,Meningioma,0.37398373983739835,0.47668393782383417
1,Meningioma,0.37398373983739835,0.4791666666666667
1,Meningioma,0.37398373983739835,0.4816753926701571
1,Meningioma,0.3699186991869919,0.4789473684210526
1,Meningioma,0.3699186991869919,0.48148148148148145
1,Meningioma,0.3699186991869919,0.48404255319148937
1,Meningioma,0.3699186991869919,0.48663101604278075
1,Meningioma,0.3699186991869919,0.489247311827957
1,Meningioma,0.3699186991869919,0.4918918918918919
1,Meningioma,0.3699186991869919,0.4945652173913043
1,Meningioma,0.3699186991869919,0.4972677595628415
1,Meningioma,0.36585365853658536,0.4945054945054945
1,Meningioma,0.36585365853658536,0.4972375690607735
1,Meningioma,0.3617886178861789,0.49444444444444446
1,Meningioma,0.3617886178861789,0.4972067039106145
1,Meningioma,0.3617886178861789,0.5
1,Meningioma,0.3617886178861789,0.5028248587570622
1,Meningioma,0.35772357723577236,0.5
1,Meningioma,0.35772357723577236,0.5028571428571429
1,Meningioma,0.35772357723577236,0.5057471264367817
1,Meningioma,0.35365853658536583,0.5028901734104047
1,Meningioma,0.35365853658536583,0.5058139534883721
1,Meningioma,0.35365853658536583,0.5087719298245614
1,Meningioma,0.35365853658536583,0.5117647058823529
1,Meningioma,0.34959349593495936,0.5088757396449705
1,Meningioma,0.34959349593495936,0.5119047619047619
1,Meningioma,0.34959349593495936,0.5149700598802395
1,Meningioma,0.34959349593495936,0.5180722891566265
1,Meningioma,0.34959349593495936,0.5212121212121212
1,Meningioma,0.34552845528455284,0.5182926829268293
1,Meningioma,0.34552845528455284,0.5214723926380368
1,Meningioma,0.34146341463414637,0.5185185185185185
1,Meningioma,0.34146341463414637,0.5217391304347826
1,Meningioma,0.33739837398373984,0.51875
1,Meningioma,0.3333333333333333,0.5157232704402516
1,Meningioma,0.3333333333333333,0.5189873417721519
1,Meningioma,0.3333333333333333,0.5222929936305732
1,Meningioma,0.32926829268292684,0.5192307692307693
1,Meningioma,0.32926829268292684,0.5225806451612903
1,Meningioma,0.32926829268292684,0.525974025974026
1,Meningioma,0.32926829268292684,0.5294117647058824
1,Meningioma,0.3252032520325203,0.5263157894736842
1,Meningioma,0.32113821138211385,0.5231788079470199
1,Meningioma,0.3170731707317073,0.52
1,Meningioma,0.3170731707317073,0.5234899328859061
1,Meningioma,0.3130081300813008,0.5202702702702703
1,Meningioma,0.3130081300813008,0.5238095238095238
1,Meningioma,0.3089430894308943,0.5205479452054794
1,Meningioma,0.3048780487804878,0.5172413793103449
1,Meningioma,0.3008130081300813,0.5138888888888888
1,Meningioma,0.2967479674796748,0.5104895104895105
1,Meningioma,0.2926829268292683,0.5070422535211268
1,Meningioma,0.2926829268292683,0.5106382978723404
1,Meningioma,0.2886178861788618,0.5071428571428571
1,Meningioma,0.2845528455284553,0.5035971223021583
1,Meningioma,0.2845528455284553,0.5072463768115942
1,Meningioma,0.2845528455284553,0.5109489051094891
1,Meningioma,0.2845528455284553,0.5147058823529411
1,Meningioma,0.2804878048780488,0.5111111111111111
1,Meningioma,0.2804878048780488,0.5149253731343284
1,Meningioma,0.2804878048780488,0.518796992481203
1,Meningioma,0.2804878048780488,0.5227272727272727
1,Meningioma,0.2804878048780488,0.5267175572519084
1,Meningioma,0.2764227642276423,0.5230769230769231
1,Meningioma,0.27235772357723576,0.5193798449612403
1,Meningioma,0.27235772357723576,0.5234375
1,Meningioma,0.27235772357723576,0.5275590551181102
1,Meningioma,0.27235772357723576,0.5317460317460317
1,Meningioma,0.27235772357723576,0.536
1,Meningioma,0.27235772357723576,0.5403225806451613
1,Meningioma,0.27235772357723576,0.5447154471544715
1,Meningioma,0.27235772357723576,0.5491803278688525
1,Meningioma,0.27235772357723576,0.5537190082644629
1,Meningioma,0.27235772357723576,0.5583333333333333
1,Meningioma,0.2682926829268293,0.5546218487394958
1,Meningioma,0.2682926829268293,0.559322033898305
1,Meningioma,0.2682926829268293,0.5641025641025641
1,Meningioma,0.26422764227642276,0.5603448275862069
1,Meningioma,0.2601626016260163,0.5565217391304348
1,Meningioma,0.2601626016260163,0.5614035087719298
1,Meningioma,0.2601626016260163,0.5663716814159292
1,Meningioma,0.25609756097560976,0.5625
1,Meningioma,0.25609756097560976,0.5675675675675675
1,Meningioma,0.25609756097560976,0.5727272727272728
1,Meningioma,0.25203252032520324,0.5688073394495413
1,Meningioma,0.25203252032520324,0.5740740740740741
1,Meningioma,0.25203252032520324,0.5794392523364486
1,Meningioma,0.25203252032520324,0.5849056603773585
1,Meningioma,0.24796747967479674,0.580952380952381
1,Meningioma,0.24796747967479674,0.5865384615384616
1,Meningioma,0.24390243902439024,0.5825242718446602
1,Meningioma,0.24390243902439024,0.5882352941176471
1,Meningioma,0.23983739837398374,0.5841584158415841
1,Meningioma,0.23577235772357724,0.58
1,Meningioma,0.23577235772357724,0.5858585858585859
1,Meningioma,0.23170731707317074,0.5816326530612245
1,Meningioma,0.23170731707317074,0.5876288659793815
1,Meningioma,0.23170731707317074,0.59375
1,Meningioma,0.22764227642276422,0.5894736842105263
1,Meningioma,0.22764227642276422,0.5957446808510638
1,Meningioma,0.22357723577235772,0.5913978494623656
1,Meningioma,0.21951219512195122,0.5869565217391305
1,Meningioma,0.21544715447154472,0.5824175824175825
1,Meningioma,0.21138211382113822,0.5777777777777777
1,Meningioma,0.21138211382113822,0.5842696629213483
1,Meningioma,0.21138211382113822,0.5909090909090909
1,Meningioma,0.21138211382113822,0.5977011494252874
1,Meningioma,0.21138211382113822,0.6046511627906976
1,Meningioma,0.21138211382113822,0.611764705882353
1,Meningioma,0.2073170731707317,0.6071428571428571
1,Meningioma,0.2073170731707317,0.6144578313253012
1,Meningioma,0.2032520325203252,0.6097560975609756
1,Meningioma,0.1991869918699187,0.6049382716049383
1,Meningioma,0.1991869918699187,0.6125
1,Meningioma,0.1991869918699187,0.620253164556962
1,Meningioma,0.1991869918699187,0.6282051282051282
1,Meningioma,0.1951219512195122,0.6233766233766234
1,Meningioma,0.1951219512195122,0.631578947368421
1,Meningioma,0.1910569105691057,0.6266666666666667
1,Meningioma,0.1910569105691057,0.6351351351351351
1,Meningioma,0.1910569105691057,0.6438356164383562
1,Meningioma,0.18699186991869918,0.6388888888888888
1,Meningioma,0.18699186991869918,0.647887323943662
1,Meningioma,0.18292682926829268,0.6428571428571429
1,Meningioma,0.17886178861788618,0.6376811594202898
1,Meningioma,0.17886178861788618,0.6470588235294118
1,Meningioma,0.17479674796747968,0.6417910447761194
1,Meningioma,0.17073170731707318,0.6363636363636364
1,Meningioma,0.16666666666666666,0.6307692307692307
1,Meningioma,0.16666666666666666,0.640625
1,Meningioma,0.16260162601626016,0.6349206349206349
1,Meningioma,0.16260162601626016,0.6451612903225806
1,Meningioma,0.15853658536585366,0.639344262295082
1,Meningioma,0.15853658536585366,0.65
1,Meningioma,0.15447154471544716,0.6440677966101694
1,Meningioma,0.15447154471544716,0.6551724137931034
1,Meningioma,0.15447154471544716,0.6666666666666666
1,Meningioma,0.15447154471544716,0.6785714285714286
1,Meningioma,0.15447154471544716,0.6909090909090909
1,Meningioma,0.15447154471544716,0.7037037037037037
1,Meningioma,0.15040650406504066,0.6981132075471698
1,Meningioma,0.14634146341463414,0.6923076923076923
1,Meningioma,0.14634146341463414,0.7058823529411765
1,Meningioma,0.14634146341463414,0.72
1,Meningioma,0.14227642276422764,0.7142857142857143
1,Meningioma,0.14227642276422764,0.7291666666666666
1,Meningioma,0.14227642276422764,0.7446808510638298
1,Meningioma,0.13821138211382114,0.7391304347826086
1,Meningioma,0.13414634146341464,0.7333333333333333
1,Meningioma,0.13008130081300814,0.7272727272727273
1,Meningioma,0.13008130081300814,0.7441860465116279
1,Meningioma,0.12601626016260162,0.7380952380952381
1,Meningioma,0.12195121951219512,0.7317073170731707
1,Meningioma,0.11788617886178862,0.725
1,Meningioma,0.11382113821138211,0.717948717948718
1,Meningioma,0.10975609756097561,0.7105263157894737
1,Meningioma,0.10975609756097561,0.7297297297297297
1,Meningioma,0.10569105691056911,0.7222222222222222
1,Meningioma,0.1016260162601626,0.7142857142857143
1,Meningioma,0.0975609756097561,0.7058823529411765
1,Meningioma,0.09349593495934959,0.696969696969697
1,Meningioma,0.08943089430894309,0.6875
1,Meningioma,0.08536585365853659,0.6774193548387096
1,Meningioma,0.08130081300813008,0.6666666666666666
1,Meningioma,0.07723577235772358,0.6551724137931034
1,Meningioma,0.07723577235772358,0.6785714285714286
1,Meningioma,0.07723577235772358,0.7037037037037037
1,Meningioma,0.07317073170731707,0.6923076923076923
1,Meningioma,0.06910569105691057,0.68
1,Meningioma,0.06504065040650407,0.6666666666666666
1,Meningioma,0.06504065040650407,0.6956521739130435
1,Meningioma,0.06097560975609756,0.6818181818181818
1,Meningioma,0.056910569105691054,0.6666666666666666
1,Meningioma,0.056910569105691054,0.7
1,Meningioma,0.052845528455284556,0.6842105263157895
1,Meningioma,0.04878048780487805,0.6666666666666666
1,Meningioma,0.044715447154471545,0.6470588235294118
1,Meningioma,0.04065040650406504,0.625
1,Meningioma,0.036585365853658534,0.6
1,Meningioma,0.036585365853658534,0.6428571428571429
1,Meningioma,0.036585365853658534,0.6923076923076923
1,Meningioma,0.032520325203252036,0.6666666666666666
1,Meningioma,0.032520325203252036,0.7272727272727273
1,Meningioma,0.028455284552845527,0.7
1,Meningioma,0.024390243902439025,0.6666666666666666
1,Meningioma,0.02032520325203252,0.625
1,Meningioma,0.016260162601626018,0.5714285714285714
1,Meningioma,0.016260162601626018,0.6666666666666666
1,Meningioma,0.016260162601626018,0.8
1,Meningioma,0.012195121951219513,0.75
1,Meningioma,0.008130081300813009,0.6666666666666666
1,Meningioma,0.0040650406504065045,0.5
1,Meningioma,0.0,0.0
1,Meningioma,0.0,1.0
2,Glioma,1.0,0.38197424892703863
2,Glioma,0.9962546816479401,0.38108882521489973
2,Glioma,0.9962546816479401,0.381635581061693
2,Glioma,0.9925093632958801,0.3807471264367816
2,Glioma,0.9887640449438202,0.37985611510791367
2,Glioma,0.9887640449438202,0.3804034582132565
2,Glioma,0.9887640449438202,0.38095238095238093
2,Glioma,0.9887640449438202,0.3815028901734104
2,Glioma,0.9887640449438202,0.38205499276411
2,Glioma,0.9887640449438202,0.3826086956521739
2,Glioma,0.9887640449438202,0.38316400580551524
2,Glioma,0.9887640449438202,0.38372093023255816
2,Glioma,0.9850187265917603,0.38282387190684136
2,Glioma,0.9850187265917603,0.38338192419825073
2,Glioma,0.9850187265917603,0.38394160583941606
2,Glioma,0.9850187265917603,0.3845029239766082
2,Glioma,0.9812734082397003,0.383601756954612
2,Glioma,0.9775280898876404,0.38269794721407624
2,Glioma,0.9775280898876404,0.3832599118942731
2,Glioma,0.9775280898876404,0.38382352941176473
2,Glioma,0.9775280898876404,0.38438880706921946
2,Glioma,0.9775280898876404,0.38495575221238937
2,Glioma,0.9775280898876404,0.38552437223042835
2,Glioma,0.9775280898876404,0.386094674556213
2,Glioma,0.9775280898876404,0.38666666666666666
2,Glioma,0.9737827715355806,0.3857566765578635
2,Glioma,0.9737827715355806,0.3863298662704309
2,Glioma,0.9737827715355806,0.3869047619047619
2,Glioma,0.9737827715355806,0.38748137108792846
2,Glioma,0.9737827715355806,0.3880597014925373
2,Glioma,0.9737827715355806,0.38863976083707025
2,Glioma,0.9737827715355806,0.38922155688622756
2,Glioma,0.9700374531835206,0.38830584707646176
2,Glioma,0.9700374531835206,0.3888888888888889
2,Glioma,0.9662921348314607,0.3879699248120301
2,Glioma,0.9662921348314607,0.3885542168674699
2,Glioma,0.9662921348314607,0.3891402714932127
2,Glioma,0.9625468164794008,0.38821752265861026
2,Glioma,0.9588014981273408,0.38729198184568836
2,Glioma,0.9588014981273408,0.3878787878787879
2,Glioma,0.9550561797752809,0.38694992412746587
2,Glioma,0.951310861423221,0.3860182370820669
2,Glioma,0.947565543071161,0.3850837138508371
2,Glioma,0.947565543071161,0.3856707317073171
2,Glioma,0.9438202247191011,0.3847328244274809
2,Glioma,0.9400749063670412,0.3837920489296636
2,Glioma,0.9363295880149812,0.38284839203675347
2,Glioma,0.9363295880149812,0.3834355828220859
2,Glioma,0.9363295880149812,0.38402457757296465
2,Glioma,0.9363295880149812,0.38461538461538464
2,Glioma,0.9325842696629213,0.38366718027734975
2,Glioma,0.9325842696629213,0.38425925925925924
2,Glioma,0.9325842696629213,0.3848531684698609
2,Glioma,0.9325842696629213,0.38544891640866874
2,Glioma,0.9288389513108615,0.38449612403100775
2,Glioma,0.9288389513108615,0.38509316770186336
2,Glioma,0.9288389513108615,0.3856920684292379
2,Glioma,0.9288389513108615,0.3862928348909657
2,Glioma,0.9288389513108615,0.3868954758190328
2,Glioma,0.9250936329588015,0.3859375
2,Glioma,0.9250936329588015,0.3865414710485133
2,Glioma,0.9250936329588015,0.3871473354231975
2,Glioma,0.9250936329588015,0.3877551020408163
2,Glioma,0.9213483146067416,0.3867924528301887
2,Glioma,0.9176029962546817,0.3858267716535433
2,Glioma,0.9176029962546817,0.3864353312302839
2,Glioma,0.9138576779026217,0.3854660347551343
2,Glioma,0.9138576779026217,0.3860759493670886
2,Glioma,0.9138576779026217,0.3866877971473851
2,Glioma,0.9101123595505618,0.38571428571428573
2,Glioma,0.9063670411985019,0.3847376788553259
2,Glioma,0.9063670411985019,0.3853503184713376
2,Glioma,0.9026217228464419,0.3843700159489633
2,Glioma,0.898876404494382,0.38338658146964855
2,Glioma,0.898876404494382,0.384
2,Glioma,0.898876404494382,0.38461538461538464
2,Glioma,0.898876404494382,0.3852327447833066
2,Glioma,0.898876404494382,0.3858520900321543
2,Glioma,0.8951310861423221,0.38486312399355876
2,Glioma,0.8913857677902621,0.38387096774193546
2,Glioma,0.8913857677902621,0.38449111470113084
2,Glioma,0.8913857677902621,0.3851132686084142
2,Glioma,0.8913857677902621,0.3857374392220421
2,Glioma,0.8913857677902621,0.38636363636363635
2,Glioma,0.8876404494382022,0.3853658536585366
2,Glioma,0.8876404494382022,0.38599348534201955
2,Glioma,0.8838951310861424,0.38499184339314846
2,Glioma,0.8838951310861424,0.38562091503267976
2,Glioma,0.8838951310861424,0.3862520458265139
2,Glioma,0.8838951310861424,0.38688524590163936
2,Glioma,0.8838951310861424,0.38752052545155996
2,Glioma,0.8838951310861424,0.3881578947368421
2,Glioma,0.8801498127340824,0.3871499176276771
2,Glioma,0.8801498127340824,0.38778877887788776
2,Glioma,0.8801498127340824,0.3884297520661157
2,Glioma,0.8801498127340824,0.3890728476821192
2,Glioma,0.8764044943820225,0.3880597014925373
2,Glioma,0.8726591760299626,0.38704318936877075
2,Glioma,0.8726591760299626,0.3876871880199667
2,Glioma,0.8726591760299626,0.3883333333333333
2,Glioma,0.8726591760299626,0.38898163606010017
2,Glioma,0.8689138576779026,0.3879598662207358
2,Glioma,0.8651685393258427,0.3869346733668342
2,Glioma,0.8651685393258427,0.3875838926174497
2,Glioma,0.8614232209737828,0.3865546218487395
2,Glioma,0.8576779026217228,0.38552188552188554
2,Glioma,0.8576779026217228,0.38617200674536256
2,Glioma,0.8539325842696629,0.38513513513513514
2,Glioma,0.850187265917603,0.3840947546531303
2,Glioma,0.846441947565543,0.38305084745762713
2,Glioma,0.846441947565543,0.3837011884550085
2,Glioma,0.8426966292134831,0.3826530612244898
2,Glioma,0.8389513108614233,0.38160136286201024
2,Glioma,0.8389513108614233,0.3822525597269625
2,Glioma,0.8352059925093633,0.3811965811965812
2,Glioma,0.8314606741573034,0.3801369863013699
2,Glioma,0.8277153558052435,0.379073756432247
2,Glioma,0.8239700374531835,0.37800687285223367
2,Glioma,0.8202247191011236,0.3769363166953528
2,Glioma,0.8164794007490637,0.3758620689655172
2,Glioma,0.8164794007490637,0.3765112262521589
2,Glioma,0.8164794007490637,0.3771626297577855
2,Glioma,0.8164794007490637,0.3778162911611785
2,Glioma,0.8164794007490637,0.3784722222222222
2,Glioma,0.8127340823970037,0.3773913043478261
2,Glioma,0.8089887640449438,0.37630662020905925
2,Glioma,0.8089887640449438,0.3769633507853403
2,Glioma,0.8089887640449438,0.3776223776223776
2,Glioma,0.8052434456928839,0.37653239929947463
2,Glioma,0.8014981273408239,0.37543859649122807
2,Glioma,0.8014981273408239,0.37609841827768015
2,Glioma,0.797752808988764,0.375
2,Glioma,0.797752808988764,0.37566137566137564
2,Glioma,0.797752808988764,0.3763250883392226
2,Glioma,0.797752808988764,0.3769911504424779
2,Glioma,0.797752808988764,0.3776595744680851
2,Glioma,0.7940074906367042,0.3765541740674956
2,Glioma,0.7902621722846442,0.37544483985765126
2,Glioma,0.7865168539325843,0.37433155080213903
2,Glioma,0.7865168539325843,0.375
2,Glioma,0.7827715355805244,0.3738819320214669
2,Glioma,0.7827715355805244,0.37455197132616486
2,Glioma,0.7790262172284644,0.3734290843806104
2,Glioma,0.7752808988764045,0.3723021582733813
2,Glioma,0.7752808988764045,0.372972972972973
2,Glioma,0.7752808988764045,0.37364620938628157
2,Glioma,0.7752808988764045,0.3743218806509946
2,Glioma,0.7715355805243446,0.37318840579710144
2,Glioma,0.7715355805243446,0.3738656987295826
2,Glioma,0.7715355805243446,0.37454545454545457
2,Glioma,0.7715355805243446,0.37522768670309653
2,Glioma,0.7715355805243446,0.3759124087591241
2,Glioma,0.7677902621722846,0.37477148080438755
2,Glioma,0.7640449438202247,0.37362637362637363
2,Glioma,0.7640449438202247,0.3743119266055046
2,Glioma,0.7602996254681648,0.37316176470588236
2,Glioma,0.7565543071161048,0.3720073664825046
2,Glioma,0.7565543071161048,0.3726937269372694
2,Glioma,0.7565543071161048,0.3733826247689464
2,Glioma,0.7528089887640449,0.37222222222222223
2,Glioma,0.7528089887640449,0.37291280148423006
2,Glioma,0.7528089887640449,0.3736059479553903
2,Glioma,0.7528089887640449,0.3743016759776536
2,Glioma,0.7490636704119851,0.373134328358209
2,Glioma,0.7453183520599251,0.3719626168224299
2,Glioma,0.7453183520599251,0.37265917602996257
2,Glioma,0.7415730337078652,0.3714821763602251
2,Glioma,0.7378277153558053,0.37030075187969924
2,Glioma,0.7340823970037453,0.3691148775894539
2,Glioma,0.7303370786516854,0.36792452830188677
2,Glioma,0.7303370786516854,0.3686200378071834
2,Glioma,0.7303370786516854,0.3693181818181818
2,Glioma,0.7303370786516854,0.3700189753320683
2,Glioma,0.7303370786516854,0.37072243346007605
2,Glioma,0.7303370786516854,0.37142857142857144
2,Glioma,0.7303370786516854,0.37213740458015265
2,Glioma,0.7265917602996255,0.37093690248565964
2,Glioma,0.7228464419475655,0.36973180076628354
2,Glioma,0.7228464419475655,0.3704414587332054
2,Glioma,0.7191011235955056,0.36923076923076925
2,Glioma,0.7153558052434457,0.36801541425818884
2,Glioma,0.7153558052434457,0.3687258687258687
2,Glioma,0.7116104868913857,0.36750483558994196
2,Glioma,0.7078651685393258,0.36627906976744184
2,Glioma,0.704119850187266,0.3650485436893204
2,Glioma,0.704119850187266,0.3657587548638132
2,Glioma,0.700374531835206,0.3645224171539961
2,Glioma,0.700374531835206,0.365234375
2,Glioma,0.700374531835206,0.3659491193737769
2,Glioma,0.700374531835206,0.36666666666666664
2,Glioma,0.700374531835206,0.36738703339882123
2,Glioma,0.700374531835206,0.36811023622047245
2,Glioma,0.700374531835206,0.368836291913215
2,Glioma,0.6966292134831461,0.3675889328063241
2,Glioma,0.6928838951310862,0.36633663366336633
2,Glioma,0.6891385767790262,0.36507936507936506
2,Glioma,0.6853932584269663,0.36381709741550694
2,Glioma,0.6853932584269663,0.3645418326693227
2,Glioma,0.6853932584269663,0.3652694610778443
2,Glioma,0.6853932584269663,0.366
2,Glioma,0.6816479400749064,0.36472945891783565
2,Glioma,0.6816479400749064,0.3654618473895582
2,Glioma,0.6816479400749064,0.36619718309859156
2,Glioma,0.6816479400749064,0.36693548387096775
2,Glioma,0.6779026217228464,0.3656565656565657
2,Glioma,0.6779026217228464,0.36639676113360325
2,Glioma,0.6741573033707865,0.36511156186612576
2,Glioma,0.6741573033707865,0.36585365853658536
2,Glioma,0.6741573033707865,0.3665987780040733
2,Glioma,0.6741573033707865,0.3673469387755102
2,Glioma,0.6741573033707865,0.36809815950920244
2,Glioma,0.6741573033707865,0.36885245901639346
2,Glioma,0.6741573033707865,0.36960985626283366
2,Glioma,0.6704119850187266,0.3683127572016461
2,Glioma,0.6666666666666666,0.3670103092783505
2,Glioma,0.6666666666666666,0.3677685950413223
2,Glioma,0.6666666666666666,0.36853002070393376
2,Glioma,0.6666666666666666,0.36929460580912865
2,Glioma,0.6666666666666666,0.3700623700623701
2,Glioma,0.6666666666666666,0.37083333333333335
2,Glioma,0.6629213483146067,0.3695198329853862
2,Glioma,0.6591760299625468,0.3682008368200837
2,Glioma,0.6554307116104869,0.3668763102725367
2,Glioma,0.6554307116104869,0.36764705882352944
2,Glioma,0.6554307116104869,0.3684210526315789
2,Glioma,0.6554307116104869,0.3691983122362869
2,Glioma,0.6554307116104869,0.3699788583509514
2,Glioma,0.6554307116104869,0.3707627118644068
2,Glioma,0.651685393258427,0.36942675159235666
2,Glioma,0.6479400749063671,0.3680851063829787
2,Glioma,0.6479400749063671,0.36886993603411516
2,Glioma,0.6441947565543071,0.36752136752136755
2,Glioma,0.6441947565543071,0.3683083511777302
2,Glioma,0.6441947565543071,0.36909871244635195
2,Glioma,0.6404494382022472,0.36774193548387096
2,Glioma,0.6404494382022472,0.36853448275862066
2,Glioma,0.6404494382022472,0.3693304535637149
2,Glioma,0.6404494382022472,0.37012987012987014
2,Glioma,0.6404494382022472,0.37093275488069416
2,Glioma,0.6404494382022472,0.3717391304347826
2,Glioma,0.6367041198501873,0.37037037037037035
2,Glioma,0.6329588014981273,0.36899563318777295
2,Glioma,0.6329588014981273,0.36980306345733044
2,Glioma,0.6292134831460674,0.3684210526315789
2,Glioma,0.6254681647940075,0.367032967032967
2,Glioma,0.6254681647940075,0.36784140969163
2,Glioma,0.6254681647940075,0.3686534216335541
2,Glioma,0.6254681647940075,0.3694690265486726
2,Glioma,0.6217228464419475,0.36807095343680707
2,Glioma,0.6217228464419475,0.3688888888888889
2,Glioma,0.6217228464419475,0.36971046770601335
2,Glioma,0.6217228464419475,0.3705357142857143
2,Glioma,0.6217228464419475,0.3713646532438479
2,Glioma,0.6179775280898876,0.36995515695067266
2,Glioma,0.6179775280898876,0.3707865168539326
2,Glioma,0.6179775280898876,0.3716216216216216
2,Glioma,0.6179775280898876,0.3724604966139955
2,Glioma,0.6179775280898876,0.3733031674208145
2,Glioma,0.6179775280898876,0.3741496598639456
2,Glioma,0.6179775280898876,0.375
2,Glioma,0.6179775280898876,0.37585421412300685
2,Glioma,0.6179775280898876,0.3767123287671233
2,Glioma,0.6142322097378277,0.37528604118993136
2,Glioma,0.6142322097378277,0.3761467889908257
2,Glioma,0.6142322097378277,0.37701149425287356
2,Glioma,0.6142322097378277,0.3778801843317972
2,Glioma,0.6104868913857678,0.37644341801385683
2,Glioma,0.6067415730337079,0.375
2,Glioma,0.6067415730337079,0.37587006960556846
2,Glioma,0.602996254681648,0.3744186046511628
2,Glioma,0.602996254681648,0.3752913752913753
2,Glioma,0.602996254681648,0.37616822429906543
2,Glioma,0.599250936329588,0.3747072599531616
2,Glioma,0.5955056179775281,0.3732394366197183
2,Glioma,0.5955056179775281,0.37411764705882355
2,Glioma,0.5955056179775281,0.375
2,Glioma,0.5955056179775281,0.375886524822695
2,Glioma,0.5955056179775281,0.3767772511848341
2,Glioma,0.5917602996254682,0.3752969121140142
2,Glioma,0.5917602996254682,0.3761904761904762
2,Glioma,0.5880149812734082,0.3747016706443914
2,Glioma,0.5880149812734082,0.37559808612440193
2,Glioma,0.5880149812734082,0.3764988009592326
2,Glioma,0.5880149812734082,0.37740384615384615
2,Glioma,0.5842696629213483,0.3759036144578313
2,Glioma,0.5842696629213483,0.37681159420289856
2,Glioma,0.5842696629213483,0.37772397094430993
2,Glioma,0.5842696629213483,0.3786407766990291
2,Glioma,0.5842696629213483,0.3795620437956204
2,Glioma,0.5842696629213483,0.3804878048780488
2,Glioma,0.5842696629213483,0.38141809290953543
2,Glioma,0.5805243445692884,0.3799019607843137
2,Glioma,0.5805243445692884,0.3808353808353808
2,Glioma,0.5767790262172284,0.3793103448275862
2,Glioma,0.5730337078651685,0.37777777777777777
2,Glioma,0.5692883895131086,0.37623762376237624
2,Glioma,0.5692883895131086,0.3771712158808933
2,Glioma,0.5692883895131086,0.3781094527363184
2,Glioma,0.5692883895131086,0.3790523690773067
2,Glioma,0.5655430711610487,0.3775
2,Glioma,0.5655430711610487,0.37844611528822053
2,Glioma,0.5617977528089888,0.3768844221105528
2,Glioma,0.5580524344569289,0.37531486146095716
2,Glioma,0.5580524344569289,0.37626262626262624
2,Glioma,0.5580524344569289,0.37721518987341773
2,Glioma,0.5543071161048689,0.3756345177664975
2,Glioma,0.5543071161048689,0.37659033078880405
2,Glioma,0.5543071161048689,0.37755102040816324
2,Glioma,0.5543071161048689,0.37851662404092073
2,Glioma,0.5543071161048689,0.37948717948717947
2,Glioma,0.550561797752809,0.37789203084832906
2,Glioma,0.5468164794007491,0.37628865979381443
2,Glioma,0.5430711610486891,0.37467700258397935
2,Glioma,0.5430711610486891,0.3756476683937824
2,Glioma,0.5430711610486891,0.37662337662337664
2,Glioma,0.5430711610486891,0.3776041666666667
2,Glioma,0.5393258426966292,0.37597911227154046
2,Glioma,0.5393258426966292,0.3769633507853403
2,Glioma,0.5355805243445693,0.3753280839895013
2,Glioma,0.5355805243445693,0.3763157894736842
2,Glioma,0.5318352059925093,0.37467018469656993
2,Glioma,0.5280898876404494,0.373015873015873
2,Glioma,0.5243445692883895,0.3713527851458886
2,Glioma,0.5205992509363296,0.3696808510638298
2,Glioma,0.5205992509363296,0.37066666666666664
2,Glioma,0.5168539325842697,0.3689839572192513
2,Glioma,0.5168539325842697,0.3699731903485255
2,Glioma,0.5131086142322098,0.3682795698924731
2,Glioma,0.5093632958801498,0.3665768194070081
2,Glioma,0.5093632958801498,0.3675675675675676
2,Glioma,0.5056179775280899,0.36585365853658536
2,Glioma,0.5056179775280899,0.36684782608695654
2,Glioma,0.50187265917603,0.3651226158038147
2,Glioma,0.49812734082397003,0.3633879781420765
2,Glioma,0.49812734082397003,0.3643835616438356
2,Glioma,0.49812734082397003,0.36538461538461536
2,Glioma,0.49812734082397003,0.36639118457300274
2,Glioma,0.49812734082397003,0.3674033149171271
2,Glioma,0.49812734082397003,0.3684210526315789
2,Glioma,0.49812734082397003,0.36944444444444446
2,Glioma,0.49812734082397003,0.37047353760445684
2,Glioma,0.49812734082397003,0.3715083798882682
2,Glioma,0.4943820224719101,0.3697478991596639
2,Glioma,0.4943820224719101,0.3707865168539326
2,Glioma,0.4943820224719101,0.37183098591549296
2,Glioma,0.4943820224719101,0.3728813559322034
2,Glioma,0.49063670411985016,0.37110481586402266
2,Glioma,0.49063670411985016,0.3721590909090909
2,Glioma,0.49063670411985016,0.3732193732193732
2,Glioma,0.49063670411985016,0.3742857142857143
2,Glioma,0.49063670411985016,0.3753581661891118
2,Glioma,0.49063670411985016,0.3764367816091954
2,Glioma,0.49063670411985016,0.37752161383285304
2,Glioma,0.49063670411985016,0.3786127167630058
2,Glioma,0.49063670411985016,0.37971014492753624
2,Glioma,0.4868913857677903,0.37790697674418605
2,Glioma,0.48314606741573035,0.3760932944606414
2,Glioma,0.4794007490636704,0.3742690058479532
2,Glioma,0.4756554307116105,0.3724340175953079
2,Glioma,0.47191011235955055,0.37058823529411766
2,Glioma,0.47191011235955055,0.37168141592920356
2,Glioma,0.47191011235955055,0.3727810650887574
2,Glioma,0.47191011235955055,0.37388724035608306
2,Glioma,0.47191011235955055,0.375
2,Glioma,0.47191011235955055,0.3761194029850746
2,Glioma,0.47191011235955055,0.3772455089820359
2,Glioma,0.4681647940074906,0.37537537537537535
2,Glioma,0.4681647940074906,0.37650602409638556
2,Glioma,0.4681647940074906,0.3776435045317221
2,Glioma,0.46441947565543074,0.37575757575757573
2,Glioma,0.46441947565543074,0.3768996960486322
2,Glioma,0.46441947565543074,0.3780487804878049
2,Glioma,0.4606741573033708,0.3761467889908257
2,Glioma,0.4606741573033708,0.3773006134969325
2,Glioma,0.45692883895131087,0.37538461538461537
2,Glioma,0.45318352059925093,0.3734567901234568
2,Glioma,0.45318352059925093,0.3746130030959752
2,Glioma,0.45318352059925093,0.37577639751552794
2,Glioma,0.45318352059925093,0.37694704049844235
2,Glioma,0.449438202247191,0.375
2,Glioma,0.44569288389513106,0.3730407523510972
2,Glioma,0.44569288389513106,0.3742138364779874
2,Glioma,0.44569288389513106,0.3753943217665615
2,Glioma,0.44569288389513106,0.37658227848101267
2,Glioma,0.4419475655430712,0.3746031746031746
2,Glioma,0.4419475655430712,0.37579617834394907
2,Glioma,0.43820224719101125,0.3738019169329074
2,Glioma,0.43820224719101125,0.375
2,Glioma,0.43820224719101125,0.3762057877813505
2,Glioma,0.43820224719101125,0.3774193548387097
2,Glioma,0.4344569288389513,0.37540453074433655
2,Glioma,0.4307116104868914,0.37337662337662336
2,Glioma,0.4307116104868914,0.3745928338762215
2,Glioma,0.4307116104868914,0.3758169934640523
2,Glioma,0.4307116104868914,0.3770491803278688
2,Glioma,0.42696629213483145,0.375
2,Glioma,0.4232209737827715,0.37293729372937295
2,Glioma,0.4232209737827715,0.3741721854304636
2,Glioma,0.4232209737827715,0.3754152823920266
2,Glioma,0.4232209737827715,0.37666666666666665
2,Glioma,0.4232209737827715,0.3779264214046823
2,Glioma,0.41947565543071164,0.37583892617449666
2,Glioma,0.41947565543071164,0.3771043771043771
2,Glioma,0.41947565543071164,0.3783783783783784
2,Glioma,0.4157303370786517,0.376271186440678
2,Glioma,0.4157303370786517,0.37755102040816324
2,Glioma,0.4157303370786517,0.378839590443686
2,Glioma,0.41198501872659177,0.3767123287671233
2,Glioma,0.41198501872659177,0.37800687285223367
2,Glioma,0.41198501872659177,0.3793103448275862
2,Glioma,0.40823970037453183,0.3771626297577855
2,Glioma,0.40823970037453183,0.3784722222222222
2,Glioma,0.4044943820224719,0.37630662020905925
2,Glioma,0.4044943820224719,0.3776223776223776
2,Glioma,0.40074906367041196,0.37543859649122807
2,Glioma,0.40074906367041196,0.3767605633802817
2,Glioma,0.40074906367041196,0.37809187279151946
2,Glioma,0.40074906367041196,0.37943262411347517
2,Glioma,0.3970037453183521,0.37722419928825623
2,Glioma,0.3970037453183521,0.37857142857142856
2,Glioma,0.3970037453183521,0.37992831541218636
2,Glioma,0.39325842696629215,0.3776978417266187
2,Glioma,0.3895131086142322,0.37545126353790614
2,Glioma,0.3895131086142322,0.37681159420289856
2,Glioma,0.3895131086142322,0.3781818181818182
2,Glioma,0.3895131086142322,0.3795620437956204
2,Glioma,0.3895131086142322,0.38095238095238093
2,Glioma,0.3857677902621723,0.3786764705882353
2,Glioma,0.3857677902621723,0.3800738007380074
2,Glioma,0.3857677902621723,0.3814814814814815
2,Glioma,0.38202247191011235,0.379182156133829
2,Glioma,0.38202247191011235,0.3805970149253731
2,Glioma,0.38202247191011235,0.38202247191011235
2,Glioma,0.38202247191011235,0.38345864661654133
2,Glioma,0.38202247191011235,0.3849056603773585
2,Glioma,0.38202247191011235,0.38636363636363635
2,Glioma,0.3782771535580524,0.3840304182509506
2,Glioma,0.3782771535580524,0.38549618320610685
2,Glioma,0.3782771535580524,0.38697318007662834
2,Glioma,0.3782771535580524,0.38846153846153847
2,Glioma,0.3782771535580524,0.38996138996138996
2,Glioma,0.3782771535580524,0.39147286821705424
2,Glioma,0.3782771535580524,0.39299610894941633
2,Glioma,0.37453183520599254,0.390625
2,Glioma,0.3707865168539326,0.38823529411764707
2,Glioma,0.36704119850187267,0.3858267716535433
2,Glioma,0.36329588014981273,0.383399209486166
2,Glioma,0.36329588014981273,0.38492063492063494
2,Glioma,0.36329588014981273,0.38645418326693226
2,Glioma,0.3595505617977528,0.384
2,Glioma,0.3595505617977528,0.3855421686746988
2,Glioma,0.3595505617977528,0.3870967741935484
2,Glioma,0.3595505617977528,0.38866396761133604
2,Glioma,0.3595505617977528,0.3902439024390244
2,Glioma,0.35580524344569286,0.3877551020408163
2,Glioma,0.35580524344569286,0.38934426229508196
2,Glioma,0.35580524344569286,0.39094650205761317
2,Glioma,0.35580524344569286,0.3925619834710744
2,Glioma,0.35580524344569286,0.3941908713692946
2,Glioma,0.35580524344569286,0.3958333333333333
2,Glioma,0.35580524344569286,0.39748953974895396
2,Glioma,0.35580524344569286,0.39915966386554624
2,Glioma,0.352059925093633,0.39662447257383965
2,Glioma,0.352059925093633,0.3983050847457627
2,Glioma,0.352059925093633,0.4
2,Glioma,0.34831460674157305,0.3974358974358974
2,Glioma,0.34831460674157305,0.39914163090128757
2,Glioma,0.3445692883895131,0.39655172413793105
2,Glioma,0.3445692883895131,0.39826839826839827
2,Glioma,0.3445692883895131,0.4
2,Glioma,0.3408239700374532,0.39737991266375544
2,Glioma,0.33707865168539325,0.39473684210526316
2,Glioma,0.3333333333333333,0.3920704845814978
2,Glioma,0.3333333333333333,0.3938053097345133
2,Glioma,0.3295880149812734,0.39111111111111113
2,Glioma,0.3258426966292135,0.38839285714285715
2,Glioma,0.3258426966292135,0.3901345291479821
2,Glioma,0.3258426966292135,0.3918918918918919
2,Glioma,0.32209737827715357,0.3891402714932127
2,Glioma,0.32209737827715357,0.39090909090909093
2,Glioma,0.32209737827715357,0.3926940639269406
2,Glioma,0.32209737827715357,0.3944954128440367
2,Glioma,0.31835205992509363,0.391705069124424
2,Glioma,0.3146067415730337,0.3888888888888889
2,Glioma,0.31086142322097376,0.386046511627907
2,Glioma,0.31086142322097376,0.3878504672897196
2,Glioma,0.31086142322097376,0.38967136150234744
2,Glioma,0.30711610486891383,0.3867924528301887
2,Glioma,0.30337078651685395,0.38388625592417064
2,Glioma,0.30337078651685395,0.38571428571428573
2,Glioma,0.30337078651685395,0.3875598086124402
2,Glioma,0.299625468164794,0.38461538461538464
2,Glioma,0.299625468164794,0.3864734299516908
2,Glioma,0.299625468164794,0.3883495145631068
2,Glioma,0.2958801498127341,0.3853658536585366
2,Glioma,0.2958801498127341,0.3872549019607843
2,Glioma,0.29213483146067415,0.3842364532019704
2,Glioma,0.29213483146067415,0.38613861386138615
2,Glioma,0.29213483146067415,0.3880597014925373
2,Glioma,0.2883895131086142,0.385
2,Glioma,0.2883895131086142,0.3869346733668342
2,Glioma,0.2846441947565543,0.3838383838383838
2,Glioma,0.2846441947565543,0.38578680203045684
2,Glioma,0.2846441947565543,0.3877551020408163
2,Glioma,0.2846441947565543,0.38974358974358975
2,Glioma,0.2846441947565543,0.3917525773195876
2,Glioma,0.2846441947565543,0.39378238341968913
2,Glioma,0.2846441947565543,0.3958333333333333
2,Glioma,0.2846441947565543,0.39790575916230364
2,Glioma,0.2846441947565543,0.4
2,Glioma,0.2808988764044944,0.3968253968253968
2,Glioma,0.27715355805243447,0.39361702127659576
2,Glioma,0.27715355805243447,0.39572192513368987
2,Glioma,0.27715355805243447,0.3978494623655914
2,Glioma,0.27715355805243447,0.4
2,Glioma,0.27715355805243447,0.40217391304347827
2,Glioma,0.27715355805243447,0.40437158469945356
2,Glioma,0.27715355805243447,0.4065934065934066
2,Glioma,0.27715355805243447,0.4088397790055249
2,Glioma,0.27715355805243447,0.4111111111111111
2,Glioma,0.27340823970037453,0.40782122905027934
2,Glioma,0.27340823970037453,0.4101123595505618
2,Glioma,0.27340823970037453,0.4124293785310734
2,Glioma,0.2696629213483146,0.4090909090909091
2,Glioma,0.2696629213483146,0.4114285714285714
2,Glioma,0.2696629213483146,0.41379310344827586
2,Glioma,0.2696629213483146,0.4161849710982659
2,Glioma,0.26591760299625467,0.4127906976744186
2,Glioma,0.26217228464419473,0.4093567251461988
2,Glioma,0.25842696629213485,0.40588235294117647
2,Glioma,0.25842696629213485,0.40828402366863903
2,Glioma,0.2546816479400749,0.40476190476190477
2,Glioma,0.250936329588015,0.40119760479041916
2,Glioma,0.250936329588015,0.4036144578313253
2,Glioma,0.24719101123595505,0.4
2,Glioma,0.24344569288389514,0.39634146341463417
2,Glioma,0.24344569288389514,0.3987730061349693
2,Glioma,0.2397003745318352,0.3950617283950617
2,Glioma,0.23595505617977527,0.391304347826087
2,Glioma,0.23220973782771537,0.3875
2,Glioma,0.23220973782771537,0.389937106918239
2,Glioma,0.23220973782771537,0.3924050632911392
2,Glioma,0.23220973782771537,0.39490445859872614
2,Glioma,0.23220973782771537,0.3974358974358974
2,Glioma,0.22846441947565543,0.3935483870967742
2,Glioma,0.2247191011235955,0.38961038961038963
2,Glioma,0.2209737827715356,0.38562091503267976
2,Glioma,0.21722846441947566,0.3815789473684211
2,Glioma,0.21722846441947566,0.3841059602649007
2,Glioma,0.21722846441947566,0.38666666666666666
2,Glioma,0.21348314606741572,0.3825503355704698
2,Glioma,0.21348314606741572,0.38513513513513514
2,Glioma,0.20973782771535582,0.38095238095238093
2,Glioma,0.20599250936329588,0.3767123287671233
2,Glioma,0.20599250936329588,0.3793103448275862
2,Glioma,0.20224719101123595,0.375
2,Glioma,0.20224719101123595,0.3776223776223776
2,Glioma,0.19850187265917604,0.3732394366197183
2,Glioma,0.1947565543071161,0.36879432624113473
2,Glioma,0.1947565543071161,0.37142857142857144
2,Glioma,0.19101123595505617,0.3669064748201439
2,Glioma,0.18726591760299627,0.36231884057971014
2,Glioma,0.18352059925093633,0.35766423357664234
2,Glioma,0.18352059925093633,0.3602941176470588
2,Glioma,0.18352059925093633,0.362962962962963
2,Glioma,0.1797752808988764,0.3582089552238806
2,Glioma,0.1797752808988764,0.3609022556390977
2,Glioma,0.1797752808988764,0.36363636363636365
2,Glioma,0.1797752808988764,0.366412213740458
2,Glioma,0.1797752808988764,0.36923076923076925
2,Glioma,0.1797752808988764,0.37209302325581395
2,Glioma,0.1797752808988764,0.375
2,Glioma,0.1760299625468165,0.3700787401574803
2,Glioma,0.1760299625468165,0.373015873015873
2,Glioma,0.1760299625468165,0.376
2,Glioma,0.1760299625468165,0.3790322580645161
2,Glioma,0.1760299625468165,0.3821138211382114
2,Glioma,0.17228464419475656,0.3770491803278688
2,Glioma,0.17228464419475656,0.38016528925619836
2,Glioma,0.17228464419475656,0.38333333333333336
2,Glioma,0.16853932584269662,0.37815126050420167
2,Glioma,0.16853932584269662,0.3813559322033898
2,Glioma,0.16853932584269662,0.38461538461538464
2,Glioma,0.16853932584269662,0.3879310344827586
2,Glioma,0.1647940074906367,0.3826086956521739
2,Glioma,0.16104868913857678,0.37719298245614036
2,Glioma,0.15730337078651685,0.37168141592920356
2,Glioma,0.15355805243445692,0.36607142857142855
2,Glioma,0.15355805243445692,0.36936936936936937
2,Glioma,0.149812734082397,0.36363636363636365
2,Glioma,0.149812734082397,0.3669724770642202
2,Glioma,0.149812734082397,0.37037037037037035
2,Glioma,0.149812734082397,0.37383177570093457
2,Glioma,0.14606741573033707,0.36792452830188677
2,Glioma,0.14232209737827714,0.3619047619047619
2,Glioma,0.14232209737827714,0.36538461538461536
2,Glioma,0.14232209737827714,0.36893203883495146
2,Glioma,0.13857677902621723,0.3627450980392157
2,Glioma,0.1348314606741573,0.3564356435643564
2,Glioma,0.13108614232209737,0.35
2,Glioma,0.12734082397003746,0.3434343434343434
2,Glioma,0.12734082397003746,0.3469387755102041
2,Glioma,0.12734082397003746,0.35051546391752575
2,Glioma,0.12734082397003746,0.3541666666666667
2,Glioma,0.12359550561797752,0.3473684210526316
2,Glioma,0.12359550561797752,0.35106382978723405
2,Glioma,0.1198501872659176,0.34408602150537637
2,Glioma,0.1198501872659176,0.34782608695652173
2,Glioma,0.1198501872659176,0.3516483516483517
2,Glioma,0.1198501872659176,0.35555555555555557
2,Glioma,0.1198501872659176,0.3595505617977528
2,Glioma,0.11610486891385768,0.3522727272727273
2,Glioma,0.11235955056179775,0.3448275862068966
2,Glioma,0.11235955056179775,0.3488372093023256
2,Glioma,0.10861423220973783,0.3411764705882353
2,Glioma,0.10861423220973783,0.34523809523809523
2,Glioma,0.10861423220973783,0.3493975903614458
2,Glioma,0.10861423220973783,0.35365853658536583
2,Glioma,0.10861423220973783,0.35802469135802467
2,Glioma,0.10861423220973783,0.3625
2,Glioma,0.10486891385767791,0.35443037974683544
2,Glioma,0.10486891385767791,0.358974358974359
2,Glioma,0.10112359550561797,0.35064935064935066
2,Glioma,0.09737827715355805,0.34210526315789475
2,Glioma,0.09737827715355805,0.3466666666666667
2,Glioma,0.09363295880149813,0.33783783783783783
2,Glioma,0.09363295880149813,0.3424657534246575
2,Glioma,0.09363295880149813,0.3472222222222222
2,Glioma,0.0898876404494382,0.3380281690140845
2,Glioma,0.08614232209737828,0.32857142857142857
2,Glioma,0.08614232209737828,0.3333333333333333
2,Glioma,0.08614232209737828,0.3382352941176471
2,Glioma,0.08614232209737828,0.34328358208955223
2,Glioma,0.08239700374531835,0.3333333333333333
2,Glioma,0.08239700374531835,0.3384615384615385
2,Glioma,0.08239700374531835,0.34375
2,Glioma,0.07865168539325842,0.3333333333333333
2,Glioma,0.07865168539325842,0.3387096774193548
2,Glioma,0.07865168539325842,0.3442622950819672
2,Glioma,0.0749063670411985,0.3333333333333333
2,Glioma,0.07116104868913857,0.3220338983050847
2,Glioma,0.07116104868913857,0.3275862068965517
2,Glioma,0.06741573033707865,0.3157894736842105
2,Glioma,0.06741573033707865,0.32142857142857145
2,Glioma,0.06367041198501873,0.3090909090909091
2,Glioma,0.06367041198501873,0.3148148148148148
2,Glioma,0.06367041198501873,0.32075471698113206
2,Glioma,0.0599250936329588,0.3076923076923077
2,Glioma,0.056179775280898875,0.29411764705882354
2,Glioma,0.056179775280898875,0.3
2,Glioma,0.056179775280898875,0.30612244897959184
2,Glioma,0.056179775280898875,0.3125
2,Glioma,0.052434456928838954,0.2978723404255319
2,Glioma,0.04868913857677903,0.2826086956521739
2,Glioma,0.04868913857677903,0.28888888888888886
2,Glioma,0.0449438202247191,0.2727272727272727
2,Glioma,0.0449438202247191,0.27906976744186046
2,Glioma,0.0449438202247191,0.2857142857142857
2,Glioma,0.04119850187265917,0.2682926829268293
2,Glioma,0.04119850187265917,0.275
2,Glioma,0.03745318352059925,0.2564102564102564
2,Glioma,0.03745318352059925,0.2631578947368421
2,Glioma,0.03745318352059925,0.2702702702702703
2,Glioma,0.03745318352059925,0.2777777777777778
2,Glioma,0.03745318352059925,0.2857142857142857
2,Glioma,0.03745318352059925,0.29411764705882354
2,Glioma,0.033707865168539325,0.2727272727272727
2,Glioma,0.033707865168539325,0.28125
2,Glioma,0.0299625468164794,0.25806451612903225
2,Glioma,0.0299625468164794,0.26666666666666666
2,Glioma,0.0299625468164794,0.27586206896551724
2,Glioma,0.0299625468164794,0.2857142857142857
2,Glioma,0.0299625468164794,0.2962962962962963
2,Glioma,0.026217228464419477,0.2692307692307692
2,Glioma,0.02247191011235955,0.24
2,Glioma,0.02247191011235955,0.25
2,Glioma,0.02247191011235955,0.2608695652173913
2,Glioma,0.018726591760299626,0.22727272727272727
2,Glioma,0.018726591760299626,0.23809523809523808
2,Glioma,0.018726591760299626,0.25
2,Glioma,0.018726591760299626,0.2631578947368421
2,Glioma,0.018726591760299626,0.2777777777777778
2,Glioma,0.0149812734082397,0.23529411764705882
2,Glioma,0.0149812734082397,0.25
2,Glioma,0.011235955056179775,0.2
2,Glioma,0.011235955056179775,0.21428571428571427
2,Glioma,0.011235955056179775,0.23076923076923078
2,Glioma,0.00749063670411985,0.16666666666666666
2,Glioma,0.00749063670411985,0.18181818181818182
2,Glioma,0.00749063670411985,0.2
2,Glioma,0.003745318352059925,0.1111111111111111
2,Glioma,0.003745318352059925,0.125
2,Glioma,0.003745318352059925,0.14285714285714285
2,Glioma,0.0,0.0
2,Glioma,0.0,0.0
2,Glioma,0.0,0.0
2,Glioma,0.0,0.0
2,Glioma,0.0,0.0
2,Glioma,0.0,0.0
2,Glioma,0.0,1.0
3,Pituitary,1.0,0.26609442060085836
3,Pituitary,1.0,0.2664756446991404
3,Pituitary,1.0,0.266857962697274
3,Pituitary,1.0,0.2672413793103448
3,Pituitary,1.0,0.26762589928057556
3,Pituitary,0.9946236559139785,0.2665706051873199
3,Pituitary,0.9946236559139785,0.26695526695526695
3,Pituitary,0.9946236559139785,0.26734104046242774
3,Pituitary,0.9946236559139785,0.26772793053545585
3,Pituitary,0.9946236559139785,0.26811594202898553
3,Pituitary,0.9946236559139785,0.26850507982583455
3,Pituitary,0.9946236559139785,0.2688953488372093
3,Pituitary,0.9946236559139785,0.2692867540029112
3,Pituitary,0.9946236559139785,0.2696793002915452
3,Pituitary,0.989247311827957,0.2686131386861314
3,Pituitary,0.9838709677419355,0.2675438596491228
3,Pituitary,0.9838709677419355,0.2679355783308931
3,Pituitary,0.978494623655914,0.2668621700879765
3,Pituitary,0.978494623655914,0.26725403817914833
3,Pituitary,0.978494623655914,0.2676470588235294
3,Pituitary,0.978494623655914,0.26804123711340205
3,Pituitary,0.978494623655914,0.26843657817109146
3,Pituitary,0.978494623655914,0.2688330871491876
3,Pituitary,0.9731182795698925,0.2677514792899408
3,Pituitary,0.967741935483871,0.26666666666666666
3,Pituitary,0.9623655913978495,0.2655786350148368
3,Pituitary,0.956989247311828,0.26448736998514116
3,Pituitary,0.956989247311828,0.2648809523809524
3,Pituitary,0.9516129032258065,0.2637853949329359
3,Pituitary,0.946236559139785,0.2626865671641791
3,Pituitary,0.946236559139785,0.26307922272047835
3,Pituitary,0.946236559139785,0.2634730538922156
3,Pituitary,0.946236559139785,0.2638680659670165
3,Pituitary,0.946236559139785,0.26426426426426425
3,Pituitary,0.9408602150537635,0.2631578947368421
3,Pituitary,0.9408602150537635,0.2635542168674699
3,Pituitary,0.9408602150537635,0.26395173453996984
3,Pituitary,0.9408602150537635,0.26435045317220546
3,Pituitary,0.9408602150537635,0.264750378214826
3,Pituitary,0.9408602150537635,0.26515151515151514
3,Pituitary,0.9408602150537635,0.26555386949924126
3,Pituitary,0.9408602150537635,0.26595744680851063
3,Pituitary,0.9408602150537635,0.2663622526636225
3,Pituitary,0.9408602150537635,0.26676829268292684
3,Pituitary,0.9408602150537635,0.26717557251908397
3,Pituitary,0.9408602150537635,0.26758409785932724
3,Pituitary,0.9408602150537635,0.2679938744257274
3,Pituitary,0.9408602150537635,0.2684049079754601
3,Pituitary,0.9408602150537635,0.26881720430107525
3,Pituitary,0.9408602150537635,0.2692307692307692
3,Pituitary,0.9354838709677419,0.26810477657935283
3,Pituitary,0.9301075268817204,0.26697530864197533
3,Pituitary,0.9301075268817204,0.26738794435857804
3,Pituitary,0.9301075268817204,0.2678018575851393
3,Pituitary,0.9301075268817204,0.2682170542635659
3,Pituitary,0.9301075268817204,0.2686335403726708
3,Pituitary,0.9247311827956989,0.26749611197511663
3,Pituitary,0.9247311827956989,0.26791277258566976
3,Pituitary,0.9247311827956989,0.26833073322932915
3,Pituitary,0.9247311827956989,0.26875
3,Pituitary,0.9247311827956989,0.26917057902973396
3,Pituitary,0.9193548387096774,0.26802507836990597
3,Pituitary,0.9193548387096774,0.2684458398744113
3,Pituitary,0.9193548387096774,0.2688679245283019
3,Pituitary,0.9193548387096774,0.2692913385826772
3,Pituitary,0.9193548387096774,0.2697160883280757
3,Pituitary,0.9193548387096774,0.27014218009478674
3,Pituitary,0.9139784946236559,0.2689873417721519
3,Pituitary,0.9139784946236559,0.2694136291600634
3,Pituitary,0.9139784946236559,0.2698412698412698
3,Pituitary,0.9139784946236559,0.2702702702702703
3,Pituitary,0.9139784946236559,0.27070063694267515
3,Pituitary,0.9139784946236559,0.2711323763955343
3,Pituitary,0.9139784946236559,0.2715654952076677
3,Pituitary,0.9139784946236559,0.272
3,Pituitary,0.9086021505376344,0.2708333333333333
3,Pituitary,0.9086021505376344,0.2712680577849117
3,Pituitary,0.9032258064516129,0.27009646302250806
3,Pituitary,0.9032258064516129,0.27053140096618356
3,Pituitary,0.9032258064516129,0.2709677419354839
3,Pituitary,0.8978494623655914,0.26978998384491115
3,Pituitary,0.8978494623655914,0.2702265372168285
3,Pituitary,0.8978494623655914,0.2706645056726094
3,Pituitary,0.8924731182795699,0.2694805194805195
3,Pituitary,0.8870967741935484,0.2682926829268293
3,Pituitary,0.8870967741935484,0.2687296416938111
3,Pituitary,0.8870967741935484,0.26916802610114193
3,Pituitary,0.8870967741935484,0.2696078431372549
3,Pituitary,0.8870967741935484,0.2700490998363339
3,Pituitary,0.8870967741935484,0.27049180327868855
3,Pituitary,0.8870967741935484,0.270935960591133
3,Pituitary,0.8870967741935484,0.2713815789473684
3,Pituitary,0.8870967741935484,0.27182866556836904
3,Pituitary,0.8870967741935484,0.2722772277227723
3,Pituitary,0.8870967741935484,0.2727272727272727
3,Pituitary,0.8870967741935484,0.2731788079470199
3,Pituitary,0.8870967741935484,0.2736318407960199
3,Pituitary,0.8870967741935484,0.27408637873754155
3,Pituitary,0.8870967741935484,0.27454242928452577
3,Pituitary,0.8870967741935484,0.275
3,Pituitary,0.8870967741935484,0.27545909849749584
3,Pituitary,0.8870967741935484,0.27591973244147155
3,Pituitary,0.8870967741935484,0.27638190954773867
3,Pituitary,0.8817204301075269,0.2751677852348993
3,Pituitary,0.8817204301075269,0.27563025210084036
3,Pituitary,0.8763440860215054,0.27441077441077444
3,Pituitary,0.8763440860215054,0.2748735244519393
3,Pituitary,0.8763440860215054,0.27533783783783783
3,Pituitary,0.8763440860215054,0.27580372250423013
3,Pituitary,0.8763440860215054,0.27627118644067794
3,Pituitary,0.8763440860215054,0.2767402376910017
3,Pituitary,0.8709677419354839,0.2755102040816326
3,Pituitary,0.8709677419354839,0.27597955706984667
3,Pituitary,0.8709677419354839,0.2764505119453925
3,Pituitary,0.8709677419354839,0.27692307692307694
3,Pituitary,0.8709677419354839,0.2773972602739726
3,Pituitary,0.8655913978494624,0.27615780445969124
3,Pituitary,0.8655913978494624,0.2766323024054983
3,Pituitary,0.8655913978494624,0.27710843373493976
3,Pituitary,0.8655913978494624,0.2775862068965517
3,Pituitary,0.8655913978494624,0.27806563039723664
3,Pituitary,0.8655913978494624,0.27854671280276816
3,Pituitary,0.8655913978494624,0.27902946273830154
3,Pituitary,0.8655913978494624,0.2795138888888889
3,Pituitary,0.8655913978494624,0.28
3,Pituitary,0.8655913978494624,0.2804878048780488
3,Pituitary,0.8602150537634409,0.2792321116928447
3,Pituitary,0.8602150537634409,0.27972027972027974
3,Pituitary,0.8602150537634409,0.28021015761821366
3,Pituitary,0.8548387096774194,0.2789473684210526
3,Pituitary,0.8494623655913979,0.27768014059753954
3,Pituitary,0.8440860215053764,0.2764084507042254
3,Pituitary,0.8440860215053764,0.2768959435626102
3,Pituitary,0.8440860215053764,0.2773851590106007
3,Pituitary,0.8440860215053764,0.2778761061946903
3,Pituitary,0.8440860215053764,0.2783687943262411
3,Pituitary,0.8440860215053764,0.27886323268206037
3,Pituitary,0.8440860215053764,0.2793594306049822
3,Pituitary,0.8440860215053764,0.2798573975044563
3,Pituitary,0.8387096774193549,0.2785714285714286
3,Pituitary,0.8333333333333334,0.2772808586762075
3,Pituitary,0.8333333333333334,0.2777777777777778
3,Pituitary,0.8333333333333334,0.27827648114901254
3,Pituitary,0.8333333333333334,0.2787769784172662
3,Pituitary,0.8333333333333334,0.27927927927927926
3,Pituitary,0.8333333333333334,0.27978339350180503
3,Pituitary,0.8333333333333334,0.28028933092224234
3,Pituitary,0.8333333333333334,0.2807971014492754
3,Pituitary,0.8333333333333334,0.2813067150635209
3,Pituitary,0.8333333333333334,0.2818181818181818
3,Pituitary,0.8333333333333334,0.28233151183970856
3,Pituitary,0.8333333333333334,0.28284671532846717
3,Pituitary,0.8279569892473119,0.28153564899451555
3,Pituitary,0.8279569892473119,0.28205128205128205
3,Pituitary,0.8225806451612904,0.28073394495412846
3,Pituitary,0.8225806451612904,0.28125
3,Pituitary,0.8225806451612904,0.281767955801105
3,Pituitary,0.8225806451612904,0.2822878228782288
3,Pituitary,0.8225806451612904,0.2828096118299446
3,Pituitary,0.8172043010752689,0.2814814814814815
3,Pituitary,0.8172043010752689,0.2820037105751391
3,Pituitary,0.8172043010752689,0.2825278810408922
3,Pituitary,0.8172043010752689,0.28305400372439476
3,Pituitary,0.8118279569892473,0.28171641791044777
3,Pituitary,0.8118279569892473,0.2822429906542056
3,Pituitary,0.8118279569892473,0.28277153558052437
3,Pituitary,0.8118279569892473,0.28330206378986866
3,Pituitary,0.8064516129032258,0.2819548872180451
3,Pituitary,0.8010752688172043,0.2806026365348399
3,Pituitary,0.7956989247311828,0.2792452830188679
3,Pituitary,0.7903225806451613,0.277882797731569
3,Pituitary,0.7903225806451613,0.2784090909090909
3,Pituitary,0.7849462365591398,0.27703984819734345
3,Pituitary,0.7795698924731183,0.27566539923954375
3,Pituitary,0.7741935483870968,0.2742857142857143
3,Pituitary,0.7688172043010753,0.2729007633587786
3,Pituitary,0.7688172043010753,0.2734225621414914
3,Pituitary,0.7688172043010753,0.2739463601532567
3,Pituitary,0.7634408602150538,0.272552783109405
3,Pituitary,0.7634408602150538,0.27307692307692305
3,Pituitary,0.7580645161290323,0.27167630057803466
3,Pituitary,0.7526881720430108,0.2702702702702703
3,Pituitary,0.7526881720430108,0.27079303675048355
3,Pituitary,0.7473118279569892,0.2693798449612403
3,Pituitary,0.7473118279569892,0.26990291262135924
3,Pituitary,0.7473118279569892,0.2704280155642023
3,Pituitary,0.7473118279569892,0.2709551656920078
3,Pituitary,0.7473118279569892,0.271484375
3,Pituitary,0.7473118279569892,0.2720156555772994
3,Pituitary,0.7473118279569892,0.2725490196078431
3,Pituitary,0.7473118279569892,0.2730844793713163
3,Pituitary,0.7473118279569892,0.2736220472440945
3,Pituitary,0.7473118279569892,0.27416173570019725
3,Pituitary,0.7419354838709677,0.2727272727272727
3,Pituitary,0.7365591397849462,0.2712871287128713
3,Pituitary,0.7311827956989247,0.2698412698412698
3,Pituitary,0.7311827956989247,0.27037773359840955
3,Pituitary,0.7311827956989247,0.27091633466135456
3,Pituitary,0.7311827956989247,0.2714570858283433
3,Pituitary,0.7311827956989247,0.272
3,Pituitary,0.7258064516129032,0.27054108216432865
3,Pituitary,0.7258064516129032,0.2710843373493976
3,Pituitary,0.7258064516129032,0.2716297786720322
3,Pituitary,0.7258064516129032,0.2721774193548387
3,Pituitary,0.7204301075268817,0.27070707070707073
3,Pituitary,0.7204301075268817,0.27125506072874495
3,Pituitary,0.7150537634408602,0.2697768762677485
3,Pituitary,0.7150537634408602,0.2703252032520325
3,Pituitary,0.7150537634408602,0.2708757637474542
3,Pituitary,0.7150537634408602,0.2714285714285714
3,Pituitary,0.7150537634408602,0.2719836400817996
3,Pituitary,0.7096774193548387,0.27049180327868855
3,Pituitary,0.7096774193548387,0.27104722792607805
3,Pituitary,0.7043010752688172,0.26954732510288065
3,Pituitary,0.6989247311827957,0.26804123711340205
3,Pituitary,0.6935483870967742,0.2665289256198347
3,Pituitary,0.6935483870967742,0.2670807453416149
3,Pituitary,0.6935483870967742,0.2676348547717842
3,Pituitary,0.6935483870967742,0.2681912681912682
3,Pituitary,0.6881720430107527,0.26666666666666666
3,Pituitary,0.6881720430107527,0.267223382045929
3,Pituitary,0.6827956989247311,0.26569037656903766
3,Pituitary,0.6827956989247311,0.2662473794549266
3,Pituitary,0.6827956989247311,0.2668067226890756
3,Pituitary,0.6827956989247311,0.2673684210526316
3,Pituitary,0.6774193548387096,0.26582278481012656
3,Pituitary,0.6774193548387096,0.266384778012685
3,Pituitary,0.6774193548387096,0.2669491525423729
3,Pituitary,0.6774193548387096,0.267515923566879
3,Pituitary,0.6774193548387096,0.2680851063829787
3,Pituitary,0.6774193548387096,0.26865671641791045
3,Pituitary,0.6774193548387096,0.2692307692307692
3,Pituitary,0.6720430107526881,0.2676659528907923
3,Pituitary,0.6720430107526881,0.26824034334763946
3,Pituitary,0.6720430107526881,0.26881720430107525
3,Pituitary,0.6666666666666666,0.2672413793103448
3,Pituitary,0.6666666666666666,0.2678185745140389
3,Pituitary,0.6666666666666666,0.2683982683982684
3,Pituitary,0.6666666666666666,0.26898047722342733
3,Pituitary,0.6666666666666666,0.26956521739130435
3,Pituitary,0.6666666666666666,0.2701525054466231
3,Pituitary,0.6666666666666666,0.27074235807860264
3,Pituitary,0.6612903225806451,0.26914660831509846
3,Pituitary,0.6559139784946236,0.2675438596491228
3,Pituitary,0.6559139784946236,0.2681318681318681
3,Pituitary,0.6559139784946236,0.2687224669603524
3,Pituitary,0.6559139784946236,0.2693156732891832
3,Pituitary,0.6559139784946236,0.26991150442477874
3,Pituitary,0.6559139784946236,0.270509977827051
3,Pituitary,0.6559139784946236,0.27111111111111114
3,Pituitary,0.6559139784946236,0.2717149220489978
3,Pituitary,0.6559139784946236,0.27232142857142855
3,Pituitary,0.6559139784946236,0.27293064876957496
3,Pituitary,0.6505376344086021,0.2713004484304933
3,Pituitary,0.6451612903225806,0.2696629213483146
3,Pituitary,0.6397849462365591,0.268018018018018
3,Pituitary,0.6397849462365591,0.2686230248306998
3,Pituitary,0.6397849462365591,0.2692307692307692
3,Pituitary,0.6397849462365591,0.2698412698412698
3,Pituitary,0.6397849462365591,0.27045454545454545
3,Pituitary,0.6397849462365591,0.27107061503416857
3,Pituitary,0.6344086021505376,0.2694063926940639
3,Pituitary,0.6344086021505376,0.2700228832951945
3,Pituitary,0.6290322580645161,0.268348623853211
3,Pituitary,0.6236559139784946,0.26666666666666666
3,Pituitary,0.6182795698924731,0.26497695852534564
3,Pituitary,0.6182795698924731,0.26558891454965355
3,Pituitary,0.6182795698924731,0.2662037037037037
3,Pituitary,0.6182795698924731,0.2668213457076566
3,Pituitary,0.6182795698924731,0.26744186046511625
3,Pituitary,0.6182795698924731,0.2680652680652681
3,Pituitary,0.6182795698924731,0.26869158878504673
3,Pituitary,0.6182795698924731,0.2693208430913349
3,Pituitary,0.6182795698924731,0.2699530516431925
3,Pituitary,0.6129032258064516,0.26823529411764707
3,Pituitary,0.6129032258064516,0.2688679245283019
3,Pituitary,0.6129032258064516,0.2695035460992908
3,Pituitary,0.6129032258064516,0.27014218009478674
3,Pituitary,0.6075268817204301,0.2684085510688836
3,Pituitary,0.6075268817204301,0.26904761904761904
3,Pituitary,0.6021505376344086,0.26730310262529833
3,Pituitary,0.6021505376344086,0.2679425837320574
3,Pituitary,0.6021505376344086,0.2685851318944844
3,Pituitary,0.5967741935483871,0.2668269230769231
3,Pituitary,0.5967741935483871,0.2674698795180723
3,Pituitary,0.5967741935483871,0.26811594202898553
3,Pituitary,0.5967741935483871,0.2687651331719128
3,Pituitary,0.5967741935483871,0.26941747572815533
3,Pituitary,0.5967741935483871,0.27007299270072993
3,Pituitary,0.5967741935483871,0.2707317073170732
3,Pituitary,0.5967741935483871,0.2713936430317848
3,Pituitary,0.5967741935483871,0.27205882352941174
3,Pituitary,0.5967741935483871,0.2727272727272727
3,Pituitary,0.5967741935483871,0.2733990147783251
3,Pituitary,0.5967741935483871,0.2740740740740741
3,Pituitary,0.5967741935483871,0.2747524752475248
3,Pituitary,0.5913978494623656,0.2729528535980149
3,Pituitary,0.5913978494623656,0.2736318407960199
3,Pituitary,0.5913978494623656,0.2743142144638404
3,Pituitary,0.5860215053763441,0.2725
3,Pituitary,0.5806451612903226,0.2706766917293233
3,Pituitary,0.5806451612903226,0.271356783919598
3,Pituitary,0.5806451612903226,0.27204030226700254
3,Pituitary,0.5806451612903226,0.2727272727272727
3,Pituitary,0.5806451612903226,0.27341772151898736
3,Pituitary,0.5806451612903226,0.27411167512690354
3,Pituitary,0.5806451612903226,0.2748091603053435
3,Pituitary,0.5806451612903226,0.2755102040816326
3,Pituitary,0.5806451612903226,0.27621483375959077
3,Pituitary,0.5806451612903226,0.27692307692307694
3,Pituitary,0.5752688172043011,0.2750642673521851
3,Pituitary,0.5698924731182796,0.27319587628865977
3,Pituitary,0.5698924731182796,0.2739018087855297
3,Pituitary,0.5698924731182796,0.27461139896373055
3,Pituitary,0.5698924731182796,0.2753246753246753
3,Pituitary,0.5645161290322581,0.2734375
3,Pituitary,0.5645161290322581,0.2741514360313316
3,Pituitary,0.5591397849462365,0.27225130890052357
3,Pituitary,0.5591397849462365,0.27296587926509186
3,Pituitary,0.5591397849462365,0.2736842105263158
3,Pituitary,0.553763440860215,0.2717678100263852
3,Pituitary,0.553763440860215,0.2724867724867725
3,Pituitary,0.553763440860215,0.27320954907161804
3,Pituitary,0.5483870967741935,0.2712765957446808
3,Pituitary,0.5483870967741935,0.272
3,Pituitary,0.5483870967741935,0.2727272727272727
3,Pituitary,0.5483870967741935,0.2734584450402145
3,Pituitary,0.543010752688172,0.271505376344086
3,Pituitary,0.543010752688172,0.2722371967654987
3,Pituitary,0.543010752688172,0.27297297297297296
3,Pituitary,0.5376344086021505,0.27100271002710025
3,Pituitary,0.5376344086021505,0.2717391304347826
3,Pituitary,0.5376344086021505,0.2724795640326976
3,Pituitary,0.5376344086021505,0.273224043715847
3,Pituitary,0.532258064516129,0.27123287671232876
3,Pituitary,0.532258064516129,0.27197802197802196
3,Pituitary,0.532258064516129,0.2727272727272727
3,Pituitary,0.532258064516129,0.27348066298342544
3,Pituitary,0.532258064516129,0.2742382271468144
3,Pituitary,0.532258064516129,0.275
3,Pituitary,0.532258064516129,0.2757660167130919
3,Pituitary,0.532258064516129,0.276536312849162
3,Pituitary,0.532258064516129,0.2773109243697479
3,Pituitary,0.532258064516129,0.27808988764044945
3,Pituitary,0.532258064516129,0.27887323943661974
3,Pituitary,0.5268817204301075,0.2768361581920904
3,Pituitary,0.5268817204301075,0.2776203966005666
3,Pituitary,0.5268817204301075,0.2784090909090909
3,Pituitary,0.5268817204301075,0.2792022792022792
3,Pituitary,0.5268817204301075,0.28
3,Pituitary,0.5268817204301075,0.2808022922636103
3,Pituitary,0.5268817204301075,0.28160919540229884
3,Pituitary,0.5268817204301075,0.2824207492795389
3,Pituitary,0.5268817204301075,0.2832369942196532
3,Pituitary,0.5268817204301075,0.28405797101449276
3,Pituitary,0.521505376344086,0.2819767441860465
3,Pituitary,0.521505376344086,0.282798833819242
3,Pituitary,0.5161290322580645,0.2807017543859649
3,Pituitary,0.510752688172043,0.2785923753665689
3,Pituitary,0.510752688172043,0.27941176470588236
3,Pituitary,0.5053763440860215,0.27728613569321536
3,Pituitary,0.5,0.27514792899408286
3,Pituitary,0.5,0.27596439169139464
3,Pituitary,0.5,0.2767857142857143
3,Pituitary,0.5,0.27761194029850744
3,Pituitary,0.5,0.27844311377245506
3,Pituitary,0.4946236559139785,0.27627627627627627
3,Pituitary,0.4946236559139785,0.27710843373493976
3,Pituitary,0.4946236559139785,0.27794561933534745
3,Pituitary,0.489247311827957,0.27575757575757576
3,Pituitary,0.489247311827957,0.2765957446808511
3,Pituitary,0.489247311827957,0.2774390243902439
3,Pituitary,0.489247311827957,0.2782874617737003
3,Pituitary,0.489247311827957,0.2791411042944785
3,Pituitary,0.489247311827957,0.28
3,Pituitary,0.489247311827957,0.2808641975308642
3,Pituitary,0.489247311827957,0.28173374613003094
3,Pituitary,0.4838709677419355,0.2795031055900621
3,Pituitary,0.478494623655914,0.2772585669781931
3,Pituitary,0.478494623655914,0.278125
3,Pituitary,0.478494623655914,0.27899686520376177
3,Pituitary,0.478494623655914,0.279874213836478
3,Pituitary,0.478494623655914,0.2807570977917981
3,Pituitary,0.4731182795698925,0.27848101265822783
3,Pituitary,0.4731182795698925,0.27936507936507937
3,Pituitary,0.4731182795698925,0.2802547770700637
3,Pituitary,0.4731182795698925,0.28115015974440893
3,Pituitary,0.4731182795698925,0.28205128205128205
3,Pituitary,0.4731182795698925,0.2829581993569132
3,Pituitary,0.46774193548387094,0.2806451612903226
3,Pituitary,0.46774193548387094,0.2815533980582524
3,Pituitary,0.46774193548387094,0.2824675324675325
3,Pituitary,0.46774193548387094,0.28338762214983715
3,Pituitary,0.46774193548387094,0.28431372549019607
3,Pituitary,0.46236559139784944,0.2819672131147541
3,Pituitary,0.46236559139784944,0.28289473684210525
3,Pituitary,0.46236559139784944,0.2838283828382838
3,Pituitary,0.46236559139784944,0.2847682119205298
3,Pituitary,0.46236559139784944,0.2857142857142857
3,Pituitary,0.46236559139784944,0.2866666666666667
3,Pituitary,0.46236559139784944,0.28762541806020064
3,Pituitary,0.46236559139784944,0.28859060402684567
3,Pituitary,0.46236559139784944,0.2895622895622896
3,Pituitary,0.46236559139784944,0.2905405405405405
3,Pituitary,0.46236559139784944,0.29152542372881357
3,Pituitary,0.46236559139784944,0.2925170068027211
3,Pituitary,0.45698924731182794,0.2901023890784983
3,Pituitary,0.45161290322580644,0.2876712328767123
3,Pituitary,0.45161290322580644,0.28865979381443296
3,Pituitary,0.44623655913978494,0.28620689655172415
3,Pituitary,0.44086021505376344,0.2837370242214533
3,Pituitary,0.43548387096774194,0.28125
3,Pituitary,0.43010752688172044,0.2787456445993031
3,Pituitary,0.42473118279569894,0.2762237762237762
3,Pituitary,0.42473118279569894,0.2771929824561403
3,Pituitary,0.42473118279569894,0.27816901408450706
3,Pituitary,0.42473118279569894,0.2791519434628975
3,Pituitary,0.42473118279569894,0.2801418439716312
3,Pituitary,0.41935483870967744,0.2775800711743772
3,Pituitary,0.41935483870967744,0.2785714285714286
3,Pituitary,0.41935483870967744,0.27956989247311825
3,Pituitary,0.41935483870967744,0.2805755395683453
3,Pituitary,0.41935483870967744,0.2815884476534296
3,Pituitary,0.41397849462365593,0.27898550724637683
3,Pituitary,0.40860215053763443,0.27636363636363637
3,Pituitary,0.4032258064516129,0.2737226277372263
3,Pituitary,0.4032258064516129,0.27472527472527475
3,Pituitary,0.4032258064516129,0.2757352941176471
3,Pituitary,0.3978494623655914,0.2730627306273063
3,Pituitary,0.3978494623655914,0.2740740740740741
3,Pituitary,0.3924731182795699,0.27137546468401486
3,Pituitary,0.3924731182795699,0.27238805970149255
3,Pituitary,0.3924731182795699,0.27340823970037453
3,Pituitary,0.3924731182795699,0.2744360902255639
3,Pituitary,0.3924731182795699,0.27547169811320754
3,Pituitary,0.3924731182795699,0.2765151515151515
3,Pituitary,0.3924731182795699,0.27756653992395436
3,Pituitary,0.3924731182795699,0.2786259541984733
3,Pituitary,0.3924731182795699,0.2796934865900383
3,Pituitary,0.3924731182795699,0.28076923076923077
3,Pituitary,0.3924731182795699,0.28185328185328185
3,Pituitary,0.3924731182795699,0.28294573643410853
3,Pituitary,0.3924731182795699,0.2840466926070039
3,Pituitary,0.3924731182795699,0.28515625
3,Pituitary,0.3870967741935484,0.2823529411764706
3,Pituitary,0.3870967741935484,0.28346456692913385
3,Pituitary,0.3817204301075269,0.28063241106719367
3,Pituitary,0.3817204301075269,0.28174603174603174
3,Pituitary,0.3817204301075269,0.28286852589641437
3,Pituitary,0.3817204301075269,0.284
3,Pituitary,0.3817204301075269,0.285140562248996
3,Pituitary,0.3817204301075269,0.2862903225806452
3,Pituitary,0.3817204301075269,0.2874493927125506
3,Pituitary,0.3817204301075269,0.2886178861788618
3,Pituitary,0.3763440860215054,0.2857142857142857
3,Pituitary,0.3709677419354839,0.2827868852459016
3,Pituitary,0.3709677419354839,0.2839506172839506
3,Pituitary,0.3709677419354839,0.28512396694214875
3,Pituitary,0.3655913978494624,0.2821576763485477
3,Pituitary,0.3602150537634409,0.2791666666666667
3,Pituitary,0.3602150537634409,0.2803347280334728
3,Pituitary,0.3602150537634409,0.2815126050420168
3,Pituitary,0.3602150537634409,0.28270042194092826
3,Pituitary,0.3602150537634409,0.2838983050847458
3,Pituitary,0.3548387096774194,0.28085106382978725
3,Pituitary,0.3548387096774194,0.28205128205128205
3,Pituitary,0.34946236559139787,0.27896995708154504
3,Pituitary,0.34946236559139787,0.2801724137931034
3,Pituitary,0.34946236559139787,0.2813852813852814
3,Pituitary,0.34408602150537637,0.2782608695652174
3,Pituitary,0.34408602150537637,0.2794759825327511
3,Pituitary,0.34408602150537637,0.2807017543859649
3,Pituitary,0.3387096774193548,0.2775330396475771
3,Pituitary,0.3333333333333333,0.2743362831858407
3,Pituitary,0.3333333333333333,0.27555555555555555
3,Pituitary,0.3333333333333333,0.2767857142857143
3,Pituitary,0.3333333333333333,0.27802690582959644
3,Pituitary,0.3333333333333333,0.27927927927927926
3,Pituitary,0.3279569892473118,0.27601809954751133
3,Pituitary,0.3225806451612903,0.2727272727272727
3,Pituitary,0.3225806451612903,0.273972602739726
3,Pituitary,0.3225806451612903,0.27522935779816515
3,Pituitary,0.3225806451612903,0.2764976958525346
3,Pituitary,0.3225806451612903,0.2777777777777778
3,Pituitary,0.3172043010752688,0.2744186046511628
3,Pituitary,0.3172043010752688,0.2757009345794392
3,Pituitary,0.3118279569892473,0.27230046948356806
3,Pituitary,0.3118279569892473,0.27358490566037735
3,Pituitary,0.3064516129032258,0.27014218009478674
3,Pituitary,0.3010752688172043,0.26666666666666666
3,Pituitary,0.3010752688172043,0.2679425837320574
3,Pituitary,0.3010752688172043,0.2692307692307692
3,Pituitary,0.3010752688172043,0.27053140096618356
3,Pituitary,0.2956989247311828,0.2669902912621359
3,Pituitary,0.2903225806451613,0.2634146341463415
3,Pituitary,0.2903225806451613,0.2647058823529412
3,Pituitary,0.2849462365591398,0.26108374384236455
3,Pituitary,0.2849462365591398,0.2623762376237624
3,Pituitary,0.2849462365591398,0.263681592039801
3,Pituitary,0.27956989247311825,0.26
3,Pituitary,0.27419354838709675,0.2562814070351759
3,Pituitary,0.27419354838709675,0.25757575757575757
3,Pituitary,0.27419354838709675,0.25888324873096447
3,Pituitary,0.27419354838709675,0.2602040816326531
3,Pituitary,0.27419354838709675,0.26153846153846155
3,Pituitary,0.27419354838709675,0.26288659793814434
3,Pituitary,0.27419354838709675,0.26424870466321243
3,Pituitary,0.27419354838709675,0.265625
3,Pituitary,0.27419354838709675,0.2670157068062827
3,Pituitary,0.27419354838709675,0.26842105263157895
3,Pituitary,0.26881720430107525,0.26455026455026454
3,Pituitary,0.26881720430107525,0.26595744680851063
3,Pituitary,0.26344086021505375,0.2620320855614973
3,Pituitary,0.26344086021505375,0.26344086021505375
3,Pituitary,0.25806451612903225,0.2594594594594595
3,Pituitary,0.25806451612903225,0.2608695652173913
3,Pituitary,0.25268817204301075,0.2568306010928962
3,Pituitary,0.24731182795698925,0.25274725274725274
3,Pituitary,0.24193548387096775,0.24861878453038674
3,Pituitary,0.23655913978494625,0.24444444444444444
3,Pituitary,0.23118279569892472,0.24022346368715083
3,Pituitary,0.23118279569892472,0.24157303370786518
3,Pituitary,0.23118279569892472,0.24293785310734464
3,Pituitary,0.23118279569892472,0.24431818181818182
3,Pituitary,0.22580645161290322,0.24
3,Pituitary,0.22043010752688172,0.23563218390804597
3,Pituitary,0.22043010752688172,0.23699421965317918
3,Pituitary,0.22043010752688172,0.23837209302325582
3,Pituitary,0.22043010752688172,0.23976608187134502
3,Pituitary,0.21505376344086022,0.23529411764705882
3,Pituitary,0.21505376344086022,0.23668639053254437
3,Pituitary,0.21505376344086022,0.23809523809523808
3,Pituitary,0.21505376344086022,0.23952095808383234
3,Pituitary,0.21505376344086022,0.24096385542168675
3,Pituitary,0.21505376344086022,0.24242424242424243
3,Pituitary,0.21505376344086022,0.24390243902439024
3,Pituitary,0.21505376344086022,0.24539877300613497
3,Pituitary,0.20967741935483872,0.24074074074074073
3,Pituitary,0.20430107526881722,0.2360248447204969
3,Pituitary,0.1989247311827957,0.23125
3,Pituitary,0.1989247311827957,0.23270440251572327
3,Pituitary,0.1989247311827957,0.23417721518987342
3,Pituitary,0.1989247311827957,0.2356687898089172
3,Pituitary,0.1989247311827957,0.23717948717948717
3,Pituitary,0.1935483870967742,0.23225806451612904
3,Pituitary,0.1935483870967742,0.23376623376623376
3,Pituitary,0.1881720430107527,0.22875816993464052
3,Pituitary,0.1881720430107527,0.23026315789473684
3,Pituitary,0.1881720430107527,0.23178807947019867
3,Pituitary,0.1881720430107527,0.23333333333333334
3,Pituitary,0.1881720430107527,0.2348993288590604
3,Pituitary,0.1827956989247312,0.22972972972972974
3,Pituitary,0.1774193548387097,0.22448979591836735
3,Pituitary,0.17204301075268819,0.2191780821917808
3,Pituitary,0.17204301075268819,0.2206896551724138
3,Pituitary,0.17204301075268819,0.2222222222222222
3,Pituitary,0.17204301075268819,0.22377622377622378
3,Pituitary,0.17204301075268819,0.22535211267605634
3,Pituitary,0.17204301075268819,0.22695035460992907
3,Pituitary,0.17204301075268819,0.22857142857142856
3,Pituitary,0.16666666666666666,0.22302158273381295
3,Pituitary,0.16129032258064516,0.21739130434782608
3,Pituitary,0.15591397849462366,0.2116788321167883
3,Pituitary,0.15591397849462366,0.21323529411764705
3,Pituitary,0.15591397849462366,0.21481481481481482
3,Pituitary,0.15591397849462366,0.21641791044776118
3,Pituitary,0.15053763440860216,0.21052631578947367
3,Pituitary,0.14516129032258066,0.20454545454545456
3,Pituitary,0.14516129032258066,0.20610687022900764
3,Pituitary,0.14516129032258066,0.2076923076923077
3,Pituitary,0.14516129032258066,0.20930232558139536
3,Pituitary,0.14516129032258066,0.2109375
3,Pituitary,0.13978494623655913,0.2047244094488189
3,Pituitary,0.13440860215053763,0.1984126984126984
3,Pituitary,0.13440860215053763,0.2
3,Pituitary,0.13440860215053763,0.20161290322580644
3,Pituitary,0.13440860215053763,0.2032520325203252
3,Pituitary,0.13440860215053763,0.20491803278688525
3,Pituitary,0.12903225806451613,0.19834710743801653
3,Pituitary,0.12903225806451613,0.2
3,Pituitary,0.12903225806451613,0.20168067226890757
3,Pituitary,0.12903225806451613,0.2033898305084746
3,Pituitary,0.12365591397849462,0.19658119658119658
3,Pituitary,0.11827956989247312,0.1896551724137931
3,Pituitary,0.11290322580645161,0.1826086956521739
3,Pituitary,0.11290322580645161,0.18421052631578946
3,Pituitary,0.10752688172043011,0.17699115044247787
3,Pituitary,0.10752688172043011,0.17857142857142858
3,Pituitary,0.10752688172043011,0.18018018018018017
3,Pituitary,0.10752688172043011,0.18181818181818182
3,Pituitary,0.10215053763440861,0.1743119266055046
3,Pituitary,0.10215053763440861,0.17592592592592593
3,Pituitary,0.10215053763440861,0.17757009345794392
3,Pituitary,0.0967741935483871,0.16981132075471697
3,Pituitary,0.0967741935483871,0.17142857142857143
3,Pituitary,0.0967741935483871,0.17307692307692307
3,Pituitary,0.0967741935483871,0.17475728155339806
3,Pituitary,0.0967741935483871,0.17647058823529413
3,Pituitary,0.0967741935483871,0.1782178217821782
3,Pituitary,0.0913978494623656,0.17
3,Pituitary,0.08602150537634409,0.16161616161616163
3,Pituitary,0.08602150537634409,0.16326530612244897
3,Pituitary,0.08602150537634409,0.16494845360824742
3,Pituitary,0.08064516129032258,0.15625
3,Pituitary,0.08064516129032258,0.15789473684210525
3,Pituitary,0.08064516129032258,0.1595744680851064
3,Pituitary,0.08064516129032258,0.16129032258064516
3,Pituitary,0.08064516129032258,0.16304347826086957
3,Pituitary,0.08064516129032258,0.16483516483516483
3,Pituitary,0.08064516129032258,0.16666666666666666
3,Pituitary,0.08064516129032258,0.16853932584269662
3,Pituitary,0.08064516129032258,0.17045454545454544
3,Pituitary,0.08064516129032258,0.1724137931034483
3,Pituitary,0.07526881720430108,0.16279069767441862
3,Pituitary,0.07526881720430108,0.16470588235294117
3,Pituitary,0.07526881720430108,0.16666666666666666
3,Pituitary,0.07526881720430108,0.1686746987951807
3,Pituitary,0.07526881720430108,0.17073170731707318
3,Pituitary,0.07526881720430108,0.1728395061728395
3,Pituitary,0.07526881720430108,0.175
3,Pituitary,0.07526881720430108,0.17721518987341772
3,Pituitary,0.07526881720430108,0.1794871794871795
3,Pituitary,0.06989247311827956,0.16883116883116883
3,Pituitary,0.06451612903225806,0.15789473684210525
3,Pituitary,0.06451612903225806,0.16
3,Pituitary,0.06451612903225806,0.16216216216216217
3,Pituitary,0.06451612903225806,0.1643835616438356
3,Pituitary,0.06451612903225806,0.16666666666666666
3,Pituitary,0.06451612903225806,0.16901408450704225
3,Pituitary,0.05913978494623656,0.15714285714285714
3,Pituitary,0.05913978494623656,0.15942028985507245
3,Pituitary,0.05913978494623656,0.16176470588235295
3,Pituitary,0.05913978494623656,0.16417910447761194
3,Pituitary,0.05913978494623656,0.16666666666666666
3,Pituitary,0.05913978494623656,0.16923076923076924
3,Pituitary,0.05913978494623656,0.171875
3,Pituitary,0.05913978494623656,0.1746031746031746
3,Pituitary,0.05913978494623656,0.1774193548387097
3,Pituitary,0.05913978494623656,0.18032786885245902
3,Pituitary,0.05913978494623656,0.18333333333333332
3,Pituitary,0.05913978494623656,0.1864406779661017
3,Pituitary,0.05913978494623656,0.1896551724137931
3,Pituitary,0.053763440860215055,0.17543859649122806
3,Pituitary,0.053763440860215055,0.17857142857142858
3,Pituitary,0.053763440860215055,0.18181818181818182
3,Pituitary,0.053763440860215055,0.18518518518518517
3,Pituitary,0.053763440860215055,0.18867924528301888
3,Pituitary,0.053763440860215055,0.19230769230769232
3,Pituitary,0.053763440860215055,0.19607843137254902
3,Pituitary,0.053763440860215055,0.2
3,Pituitary,0.053763440860215055,0.20408163265306123
3,Pituitary,0.04838709677419355,0.1875
3,Pituitary,0.04838709677419355,0.19148936170212766
3,Pituitary,0.04838709677419355,0.1956521739130435
3,Pituitary,0.043010752688172046,0.17777777777777778
3,Pituitary,0.043010752688172046,0.18181818181818182
3,Pituitary,0.03763440860215054,0.16279069767441862
3,Pituitary,0.03763440860215054,0.16666666666666666
3,Pituitary,0.03763440860215054,0.17073170731707318
3,Pituitary,0.03763440860215054,0.175
3,Pituitary,0.03225806451612903,0.15384615384615385
3,Pituitary,0.026881720430107527,0.13157894736842105
3,Pituitary,0.026881720430107527,0.13513513513513514
3,Pituitary,0.021505376344086023,0.1111111111111111
3,Pituitary,0.021505376344086023,0.11428571428571428
3,Pituitary,0.021505376344086023,0.11764705882352941
3,Pituitary,0.021505376344086023,0.12121212121212122
3,Pituitary,0.021505376344086023,0.125
3,Pituitary,0.016129032258064516,0.0967741935483871
3,Pituitary,0.016129032258064516,0.1
3,Pituitary,0.016129032258064516,0.10344827586206896
3,Pituitary,0.016129032258064516,0.10714285714285714
3,Pituitary,0.016129032258064516,0.1111111111111111
3,Pituitary,0.016129032258064516,0.11538461538461539
3,Pituitary,0.016129032258064516,0.12
3,Pituitary,0.016129032258064516,0.125
3,Pituitary,0.016129032258064516,0.13043478260869565
3,Pituitary,0.016129032258064516,0.13636363636363635
3,Pituitary,0.010752688172043012,0.09523809523809523
3,Pituitary,0.010752688172043012,0.1
3,Pituitary,0.010752688172043012,0.10526315789473684
3,Pituitary,0.005376344086021506,0.05555555555555555
3,Pituitary,0.005376344086021506,0.058823529411764705
3,Pituitary,0.005376344086021506,0.0625
3,Pituitary,0.0,0.0
3,Pituitary,0.0,0.0
3,Pituitary,0.0,0.0
3,Pituitary,0.0,0.0
3,Pituitary,0.0,0.0
3,Pituitary,0.0,0.0
3,Pituitary,0.0,0.0
3,Pituitary,0.0,0.0
3,Pituitary,0.0,0.0
3,Pituitary,0.0,0.0
3,Pituitary,0.0,0.0
3,Pituitary,0.0,0.0
3,Pituitary,0.0,0.0
3,Pituitary,0.0,0.0
3,Pituitary,0.0,0.0
3,Pituitary,0.0,1.0
